arc_length,density,velocity_0,velocity_1,velocity_2
0,0.00115392734519,1.7799323364e-16,-0.5,-4.44983084099e-16
0.0032000541687,0.0011540189871,1.77979101387e-16,-0.499416369365,-0.0222841670643
0.00639998912811,0.0011541106256,1.7796496966e-16,-0.498832760471,-0.0445675039928
0.00960004329681,0.00115420226751,1.77950837408e-16,-0.498249129836,-0.0668516710571
0.0127999782562,0.0011523189798,1.28123713028e-16,-0.49815319688,-0.0696369755551
0.0160000324249,0.00115015350764,7.11790450767e-17,-0.498126923893,-0.0696371285058
0.0191999673843,0.00114798811614,1.42364984438e-17,-0.498100651884,-0.0696372814507
0.022400021553,0.00114583216593,0,-0.498072162971,-0.0696374351629
0.0255999565125,0.00114367946999,0,-0.498042936483,-0.0696375891232
0.0288000106812,0.00114152669386,0,-0.498013708906,-0.0696377430893
0.0319999456406,0.00113938188608,-1.8111114255e-17,-0.497982622952,-0.0696378977065
0.0351999998093,0.00113724173154,-4.70901655173e-17,-0.4979504201,-0.0696380527237
0.038400053978,0.00113510157701,-7.60692167795e-17,-0.497918217247,-0.0696382077409
0.0415999889374,0.00113296777585,-7.60688119537e-17,-0.4978845176,-0.069638363296
0.0448000431061,0.00113084016891,-4.70897606915e-17,-0.497849318688,-0.0696385194005
0.0479999780655,0.00112871264123,-1.81117889647e-17,-0.497814121088,-0.0696386754992
0.0512000322342,0.00112658971211,-1.09958180362e-17,-0.497777790811,-0.0696388320251
0.0543999671936,0.001124474658,-4.03165885708e-17,-0.497739576382,-0.0696389892476
0.0576000213623,0.00112235952509,-6.96384514114e-17,-0.497701360529,-0.069639146476
0.0607999563217,0.00112024757099,-7.69261330075e-17,-0.497662386673,-0.0696393039886
0.0640000104904,0.00111814483898,-1.81094837946e-17,-0.497621132899,-0.0696394623777
0.0671999454498,0.00111604218531,4.07049743645e-17,-0.497579880662,-0.0696396207609
0.0703999996185,0.0011139409943,8.47743089348e-17,-0.497538244518,-0.0696397792997
0.0736000537872,0.00111185059048,2.56107928702e-17,-0.497493931743,-0.0696399388868
0.0767999887466,0.00110976026454,-3.35505192189e-17,-0.497449620619,-0.0696400984679
0.0800000429153,0.00110766986089,-9.27127943323e-17,-0.497405307801,-0.069640258055
0.0831999778748,0.0011055917904,-6.30451698677e-17,-0.497357916613,-0.0696404188718
0.0864000320435,0.0011035136425,-3.33764401755e-17,-0.49731052366,-0.0696405796945
0.0895999670029,0.00110143557201,-3.70881571088e-18,-0.497263132472,-0.0696407405112
0.0928000211716,0.00109936808506,0,-0.497213025768,-0.0696409024483
0.095999956131,0.00109730219817,0,-0.497162533239,-0.0696410645386
0.0992000102997,0.00109523623432,0,-0.497112038829,-0.069641226635
0.102399945259,0.00109317943155,0,-0.497059204266,-0.0696413897092
0.105599999428,0.00109112558032,0,-0.497005587022,-0.0696415531175
0.108800053596,0.00108907172909,0,-0.496951969779,-0.0696417165259
0.111999988556,0.00108702548022,-1.89838568958e-17,-0.49689638938,-0.0696418807723
0.115200042725,0.0010849836706,-4.93586785594e-17,-0.496839627825,-0.0696420455313
0.118399977684,0.00108294193704,-7.97323686919e-17,-0.496782868385,-0.0696422102843
0.121600031853,0.00108090611294,-6.44551786904e-17,-0.496724523878,-0.0696423757382
0.124799966812,0.00107887634994,-3.52867191761e-18,-0.496664598666,-0.0696425418809
0.128000020981,0.00107684651133,5.74001045906e-17,-0.496604671222,-0.0696427080298
0.13119995594,0.00107482121091,6.09729166956e-17,-0.496543550733,-0.0696428747084
0.134400010109,0.00107280327311,-3.1049327015e-17,-0.496480435721,-0.0696430422866
0.137599945068,0.00107078541049,-1.23068142688e-16,-0.49641732306,-0.0696432098585
0.140799999237,0.00106877043041,-1.84447030501e-16,-0.496353405722,-0.0696433778039
0.144000053406,0.00106676432366,-1.53894138293e-16,-0.496287081362,-0.0696435468512
0.147199988365,0.00106475829165,-1.23342384251e-16,-0.496220759473,-0.0696437158922
0.150400042534,0.00106275365525,-8.88565797124e-17,-0.49615403117,-0.0696438851281
0.153599977493,0.00106075938448,-2.68457753948e-17,-0.496084478173,-0.0696440556783
0.156800031662,0.00105876503941,3.51673390522e-17,-0.496014922584,-0.0696442262349
0.159999966621,0.00105677076863,9.71781433698e-17,-0.495945369587,-0.0696443967851
0.16320002079,0.00105478811618,6.60812927291e-17,-0.495872560817,-0.0696445688916
0.16639995575,0.0010528055377,3.49847334014e-17,-0.495799754729,-0.0696447409916
0.169600009918,0.00105082288535,3.88701561311e-18,-0.495726945929,-0.0696449130981
0.172799944878,0.00104885047765,-2.75314223099e-17,-0.495651274059,-0.06964508659
0.175999999046,0.00104687944948,-5.89970143199e-17,-0.495575189963,-0.0696452602873
0.179200053215,0.0010449084213,-9.046260633e-17,-0.495499105867,-0.0696454339845
0.182399988174,0.00104294613339,-7.47295905441e-17,-0.495420551543,-0.0696456088994
0.185600042343,0.00104098666123,-4.3263998534e-17,-0.495341169965,-0.0696457842287
0.188799977303,0.00103902726207,-1.17995786887e-17,-0.495261791343,-0.0696459595515
0.192000031471,0.00103707497008,0,-0.495180334905,-0.069646135927
0.195199966431,0.00103512705876,0,-0.495097636634,-0.0696463129235
0.198400020599,0.00103317907486,0,-0.495014935283,-0.0696464899266
0.201599955559,0.00103123687375,-3.2024236768e-17,-0.494930566001,-0.0696466677809
0.204800009727,0.00102930031077,-9.60753946116e-17,-0.494844522485,-0.0696468464998
0.207999944687,0.00102736381993,-1.60124166404e-16,-0.494758482175,-0.069647025212
0.211199998856,0.00102543151461,-1.76137626942e-16,-0.494671176929,-0.0696472045901
0.214400053024,0.00102350630558,-1.12086469098e-16,-0.494581768754,-0.0696473850671
0.217599987984,0.00102158116826,-4.80376973058e-17,-0.494492363908,-0.0696475655374
0.220800042152,0.00101965878119,8.10144680977e-18,-0.494402108883,-0.0696477464646
0.223999977112,0.00101774493083,4.05046688793e-17,-0.494309316905,-0.0696479287357
0.227200031281,0.00101583100918,7.29090980874e-17,-0.49421652147,-0.0696481110136
0.23039996624,0.00101391856135,9.72119295935e-17,-0.494123303285,-0.0696482935152
0.233600020409,0.00101201586089,6.48075003853e-17,-0.494027097888,-0.0696484776371
0.236799955368,0.00101011323132,3.24042783158e-17,-0.493930896076,-0.0696486617521
0.240000009537,0.00100821053092,0,-0.493834690663,-0.069648845874
0.243199944496,0.00100631905635,0,-0.49373505621,-0.0696490318764
0.246399998665,0.00100442751131,0,-0.493635418045,-0.0696492178858
0.249600052834,0.00100253596627,0,-0.49353577988,-0.0696494038951
0.252799987793,0.00100065419527,-2.88579269035e-17,-0.493433121766,-0.0696495915874
0.256000041962,0.000998773740243,-6.18390510439e-17,-0.493330027921,-0.069649779528
0.259199976921,0.000996893355266,-9.48189465624e-17,-0.493226937917,-0.0696499674617
0.26240003109,0.000995021168967,-1.03210143308e-16,-0.493121235055,-0.0696501568839
0.265599966049,0.000993151808569,-1.03404639453e-16,-0.493014666485,-0.069650346793
0.268800020218,0.00099128237853,-1.03599142843e-16,-0.492908093944,-0.0696505367091
0.271999955177,0.000989419868101,-8.29380646844e-17,-0.492799336818,-0.0696507278806
0.275200009346,0.000987561398412,-4.97624371537e-17,-0.492689262462,-0.0696509198167
0.278399944305,0.000985702997955,-1.65880454905e-17,-0.492579192205,-0.0696511117457
0.281599998474,0.000983849976235,3.35676132874e-17,-0.492467355352,-0.0696513047143
0.284800052643,0.000982002402635,1.00703777728e-16,-0.492353755952,-0.0696514987154
0.287999987602,0.000980154897862,1.67837441193e-16,-0.492240160784,-0.0696516927092
0.291200041771,0.000978311386434,1.71957747502e-16,-0.492125230713,-0.0696518875016
0.29439997673,0.000976474713464,7.10592948108e-17,-0.492008087303,-0.0696520836056
0.297600030899,0.00097463797207,-2.98429167173e-17,-0.491890939528,-0.0696522797168
0.300799965858,0.000972803991136,-8.85851693308e-17,-0.49177290321,-0.0696524763597
0.304000020027,0.000970978018439,-2.08539428266e-17,-0.491652183623,-0.0696526746268
0.307199954987,0.000969152113764,4.68747605355e-17,-0.491531468532,-0.0696528728865
0.310400009155,0.000967327479294,1.06164425523e-16,-0.491410299515,-0.0696530714288
0.313599944115,0.00096551227978,1.06364724736e-16,-0.491285989201,-0.0696532718902
0.316799998283,0.000963697012644,1.0656503141e-16,-0.491161674257,-0.069653472359
0.320000052452,0.000961881745705,1.06765338107e-16,-0.491037359245,-0.0696536728279
0.323199987411,0.000960077188589,1.06966818546e-16,-0.490909430058,-0.0696538755374
0.32640004158,0.000958272564246,1.07168306492e-16,-0.490781496106,-0.0696540782543
0.32959997654,0.00095646800713,1.07369786931e-16,-0.490653566919,-0.0696542809638
0.332800030708,0.000954672640602,7.73239712486e-17,-0.490522445557,-0.0696544856887
0.335999965668,0.000952878663487,4.29582774602e-17,-0.49039087374,-0.0696546906928
0.339200019836,0.000951084619539,8.59130342387e-18,-0.490259297022,-0.0696548957046
0.342399954796,0.000949298530938,-2.60792911331e-17,-0.490124975321,-0.0696551024651
0.345600008965,0.000947515005353,-6.08528127791e-17,-0.489989731971,-0.0696553098187
0.348799943924,0.000945731546208,-9.56250390325e-17,-0.489854493659,-0.0696555171646
0.351999998093,0.000943954555965,-8.69322658363e-17,-0.489716943714,-0.0696557260115
0.355199933052,0.000942181553123,-5.21600395829e-17,-0.489578014936,-0.0696559357465
0.358399987221,0.000940408484231,-1.73865179369e-17,-0.489439080982,-0.0696561454894
0.361600041389,0.000938640613105,0,-0.48929828966,-0.0696563564508
0.364799976349,0.000936878005262,0,-0.489155646335,-0.0696565686227
0.368000030518,0.000935115331756,0,-0.489012997696,-0.0696567808025
0.371199965477,0.000933356599177,-1.32716267647e-17,-0.488868952347,-0.0696569939063
0.374400019646,0.000931604260108,-4.86640048523e-17,-0.488722564834,-0.0696572085712
0.377599954605,0.000929851986318,-8.40550644934e-17,-0.488576182774,-0.0696574232281
0.380800008774,0.000928102215723,-1.10651487927e-16,-0.488428854464,-0.0696576385264
0.383999943733,0.000926360215397,-1.10860203459e-16,-0.488278709372,-0.0696578557167
0.387199997902,0.000924618150175,-1.11068926767e-16,-0.488128558686,-0.0696580729151
0.390399932861,0.000922877426343,-1.11277796137e-16,-0.487977940224,-0.0696582904282
0.39359998703,0.000921145574732,-1.11487750349e-16,-0.48782400196,-0.0696585102089
0.396800041199,0.000919413723122,-1.11697704562e-16,-0.487670063695,-0.0696587299896
0.399999976158,0.000917681936027,-1.11907650953e-16,-0.487516131165,-0.0696589497621
0.403200030327,0.000915960238098,-1.12118843324e-16,-0.487358380823,-0.0696591721742
0.406399965286,0.000914238604354,-1.12330027834e-16,-0.487200636339,-0.0696593945781
0.409600019455,0.000912516906472,-1.12541220211e-16,-0.48704288598,-0.0696596169902
0.412799954414,0.000910804104887,-8.10490934668e-17,-0.486881784465,-0.0696598417398
0.416000008583,0.000909092501203,-4.50268454823e-17,-0.486720197384,-0.0696600668329
0.419199943542,0.00090738096128,-9.00593940847e-18,-0.486558616322,-0.0696602919176
0.422399997711,0.000905676883753,-5.46718009668e-17,-0.486394133188,-0.0696605190587
0.425599932671,0.000903975378472,-1.27565838358e-16,-0.486228690812,-0.069660746874
0.428799986839,0.000902273809803,-2.00462591319e-16,-0.486063242273,-0.0696609746978
0.432000041008,0.0009005784763,-2.05152410972e-16,-0.485895364774,-0.0696612042597
0.435199975967,0.000898886946827,-1.68920335121e-16,-0.485726036239,-0.0696614348558
0.438400030136,0.000897195354338,-1.32686909493e-16,-0.485556701396,-0.0696616654606
0.441599965096,0.000895508783549,-9.62398897961e-17,-0.485385417294,-0.0696618974724
0.444800019264,0.00089382710875,-5.95765624636e-17,-0.485212171189,-0.0696621309086
0.447999954224,0.000892145496598,-2.29146009233e-17,-0.485038931539,-0.069662364336
0.451200008392,0.000890467519121,-1.3911368183e-17,-0.484864209313,-0.0696625988531
0.454399943352,0.000888795766144,-5.10070256367e-17,-0.484687033479,-0.0696628351627
0.45759999752,0.000887123950887,-8.81040650393e-17,-0.484509851044,-0.0696630714812
0.46079993248,0.000885454648127,-1.06652843856e-16,-0.484331684921,-0.0696633085241
0.463999986649,0.000883792634606,-6.95558044534e-17,-0.484150540976,-0.0696635477761
0.467200040817,0.000882130621085,-3.24587650508e-17,-0.483969397032,-0.069663787028
0.470399975777,0.000880469887449,4.69174491996e-18,-0.483787761511,-0.0696640266441
0.473600029945,0.000878817618196,4.22276269379e-17,-0.483602630765,-0.0696642688811
0.476799964905,0.000877165410494,7.97621106589e-17,-0.483417506915,-0.069664511109
0.480000019073,0.000875513141331,1.17296941893e-16,-0.483232376132,-0.069664753346
0.483199954033,0.000873870620405,4.20066184971e-17,-0.483043240226,-0.0696649986107
0.486400008202,0.00087222803829,-3.32865097384e-17,-0.482854097274,-0.0696652438846
0.489599943161,0.000870585517364,-1.08576833134e-16,-0.482664961368,-0.0696654891493
0.49279999733,0.000868951361679,-1.51416189865e-16,-0.482472285458,-0.0696657371261
0.495999932289,0.000867318470736,-1.8961735225e-16,-0.48227911198,-0.0696659854797
0.499199986458,0.000865685518962,-2.27819937769e-16,-0.482085931306,-0.0696662338427
0.502400040627,0.00086405974763,-1.80400311646e-16,-0.481889703103,-0.0696664845619
0.505599975586,0.000862436430209,-1.04443309586e-16,-0.481692466424,-0.0696667360571
0.508800029755,0.000860813052313,-2.84834778493e-17,-0.481495222398,-0.0696669875616
0.511999964714,0.000859195683312,2.40175580566e-17,-0.481295430108,-0.0696672410534
0.515200018883,0.000857581823164,6.24467604179e-17,-0.481094096987,-0.0696674957524
0.518399953842,0.000855968023135,1.00874531204e-16,-0.480892771365,-0.069667750442
0.521600008011,0.000854358893936,1.39530364886e-16,-0.480689380777,-0.069668006765
0.52479994297,0.000852754555499,1.78411383539e-16,-0.480483940357,-0.0696682647022
0.527999997139,0.000851150157294,2.17293850652e-16,-0.480278492284,-0.069668522649
0.531199932098,0.000849549346058,2.12604841027e-16,-0.480071499117,-0.069668781824
0.534399986267,0.000847954354323,1.35293171553e-16,-0.479861910121,-0.0696690430721
0.537600040436,0.000846359362587,5.79815020783e-17,-0.479652321125,-0.0696693043201
0.540799975395,0.000844766768021,-9.77796050117e-18,-0.479441698219,-0.0696695663972
0.544000029564,0.000843181127604,-4.88910774268e-17,-0.479227942216,-0.0696698310003
0.547199964523,0.000841595546255,-8.80027372999e-17,-0.479014194175,-0.0696700955936
0.550400018692,0.000840011067969,-1.22255253594e-16,-0.478799913989,-0.069670360623
0.553599953651,0.000838434782765,-1.22485910624e-16,-0.478581972897,-0.0696706286254
0.55680000782,0.000836858438839,-1.22716576246e-16,-0.478364023686,-0.0696708966379
0.55999994278,0.000835282153635,-1.22947233275e-16,-0.478146082594,-0.0696711646404
0.563199996948,0.000833715051566,-8.36040035668e-17,-0.47792391392,-0.0696714361166
0.566399931908,0.000832148008003,-4.42616866642e-17,-0.477701753462,-0.0696717075827
0.569599986076,0.000830580906063,-4.91790411636e-18,-0.477479584729,-0.069671979059
0.572800040245,0.000829021843464,3.48331218979e-17,-0.477253700779,-0.0696722536141
0.575999975204,0.000827463987359,7.46408416381e-17,-0.477027294526,-0.0696725285988
0.579200029373,0.000825906073219,1.14450044362e-16,-0.476800879839,-0.0696728035937
0.582399964333,0.000824355067382,9.45455356863e-17,-0.476571269296,-0.0696730812586
0.585600018501,0.000822806287174,5.47363329628e-17,-0.476340582109,-0.0696733598274
0.588799953461,0.00082125756466,1.49286132226e-17,-0.476109903516,-0.0696736383857
0.592000007629,0.000819714459652,-2.51749162073e-17,-0.47587652937,-0.0696739192228
0.595199942589,0.00081817481718,-6.54535442047e-17,-0.475641551774,-0.0696742014103
0.598399996758,0.00081663511735,-1.05733672728e-16,-0.475406565424,-0.0696744836083
0.601599991322,0.000815099959706,-1.46250595502e-16,-0.47516942051,-0.0696747676436
0.604799985886,0.000813569315528,-1.87005060577e-16,-0.474930112675,-0.0696750535214
0.60799998045,0.00081203867135,-2.27759525651e-16,-0.47469080484,-0.0696753393992
0.611199975014,0.000810511392413,-2.22843729523e-16,-0.474449864734,-0.0696756266799
0.614399969578,0.000808989722282,-1.41809886188e-16,-0.474206204141,-0.0696759162988
0.617599964142,0.000807468052151,-6.07760428531e-17,-0.473962543548,-0.0696762059177
0.620799958706,0.000805948612305,-1.02487207509e-17,-0.473717788049,-0.069676496486
0.624000012875,0.000804435835429,-5.12457036967e-17,-0.473469743064,-0.0696767899079
0.627200007439,0.00080292308673,-9.22419230272e-17,-0.4732217027,-0.0696770833244
0.630400002003,0.000801411446718,-1.22988657991e-16,-0.47297311145,-0.0696773772227
0.633599996567,0.000799907567145,-8.19924386609e-17,-0.472720664183,-0.0696776744935
0.636799991131,0.000798403687571,-4.09962193304e-17,-0.472468216915,-0.0696779717643
0.639999985695,0.000796899807998,0,-0.472215769648,-0.0696782690351
0.643199980259,0.00079540474555,0,-0.471958888229,-0.0696785702173
0.646399974823,0.000793909683102,0,-0.471702006809,-0.0696788713994
0.649599969387,0.000792414620654,0,-0.47144512539,-0.0696791725816
0.652799963951,0.000790927227911,0,-0.471184340163,-0.0696794772363
0.655999958515,0.000789440930894,0,-0.470922997223,-0.0696797823872
0.659200012684,0.000787954606192,0,-0.470661649415,-0.0696800875437
0.662400007248,0.000786474844774,3.14792603395e-17,-0.470396939683,-0.0696803957144
0.665600001812,0.000784997261795,7.34511514154e-17,-0.470131107735,-0.0696807048917
0.668799996376,0.000783519678816,1.15423042491e-16,-0.469865275787,-0.069681014069
0.67199999094,0.000782047510205,7.85425677131e-17,-0.469596620943,-0.069681325799
0.675199985504,0.000780578590174,-5.64873908362e-18,-0.469326272382,-0.0696816390606
0.678399980068,0.000779109670142,-8.98400458803e-17,-0.46905592382,-0.0696819523222
0.681599974632,0.00077764505617,-1.53294488072e-16,-0.468783303099,-0.0696822676551
0.684799969196,0.000776184748295,-1.9601187253e-16,-0.468508410198,-0.0696825850594
0.68799996376,0.00077472444042,-2.38729256988e-16,-0.468233517296,-0.0696829024637
0.691199958324,0.000773267343105,-2.33577288168e-16,-0.46795690986,-0.0696832214434
0.694400012493,0.000771815569852,-1.48638905915e-16,-0.467677439567,-0.0696835430549
0.697600007057,0.000770363823641,-6.37021057362e-17,-0.46739797448,-0.0696838646604
0.700800001621,0.000768914205346,-1.0742945744e-17,-0.467117359327,-0.0696841873309
0.703999996185,0.0007674709706,-5.37137282266e-17,-0.466833294087,-0.0696845131965
0.707199990749,0.000766027735855,-9.66845107093e-17,-0.466549228847,-0.0696848390621
0.710399985313,0.000764585558809,-1.28912547547e-16,-0.466264585074,-0.0696851654676
0.713599979877,0.000763150785627,-8.5941765064e-17,-0.465975891594,-0.0696854956525
0.716799974442,0.000761716012444,-4.29709825813e-17,-0.465687198114,-0.0696858258373
0.719999969006,0.000760281239262,-2.00098638133e-22,-0.465398504634,-0.0696861560222
0.72319996357,0.000758854877992,4.3478905267e-17,-0.465105154726,-0.0696864905858
0.726399958134,0.000757428516762,8.69580129998e-17,-0.464811804797,-0.0696868251494
0.729600012302,0.000756002128964,1.30437930595e-16,-0.464518449404,-0.0696871597193
0.732800006866,0.00075458308511,1.36096803168e-16,-0.464221000253,-0.0696874981666
0.736000001431,0.000753165086513,1.36353216301e-16,-0.463922965545,-0.0696878371688
0.739199995995,0.000751747087915,1.36609629433e-16,-0.463624930837,-0.0696881761709
0.742399990559,0.000750335324548,1.69862414927e-16,-0.463323361189,-0.069688518547
0.745599985123,0.000748925639553,2.14113786339e-16,-0.46302061325,-0.0696888620477
0.748799979687,0.000747515954558,2.58365157752e-16,-0.462717865311,-0.0696892055484
0.751999974251,0.000746111435086,2.19967845277e-16,-0.462412153751,-0.0696895518984
0.755199968815,0.00074471001495,1.31980952999e-16,-0.462104664006,-0.0696898999581
0.758399963379,0.000743308594814,4.39940607213e-17,-0.461797174261,-0.0696902480177
0.761599957943,0.000741911282822,0,-0.461487299297,-0.0696905983871
0.764800012112,0.000740518053138,0,-0.461175033232,-0.0696909510728
0.768000006676,0.000739124849404,0,-0.460862772984,-0.069691303752
0.77120000124,0.000737734708808,-1.67914307882e-17,-0.460548712958,-0.0696916581864
0.774399995804,0.000736349673303,-6.15678150323e-17,-0.460231653386,-0.069692015546
0.777599990368,0.000734964637799,-1.06344199277e-16,-0.459914593813,-0.0696923729056
0.780799984932,0.000733581632388,-1.28732287145e-16,-0.459596327168,-0.0696927314507
0.783999979496,0.000732204717221,-8.39559029011e-17,-0.459274439328,-0.069693093552
0.78719997406,0.000730827802055,-3.91795186569e-17,-0.458952551488,-0.0696934556533
0.790399968624,0.000729451895947,-5.66307397111e-18,-0.4586300565,-0.069693818355
0.793599963188,0.000728083053508,-5.09691425522e-17,-0.458303311324,-0.0696941852594
0.796799957752,0.00072671421107,-9.62752111334e-17,-0.457976566147,-0.0696945521639
0.799999952316,0.000725345368632,-1.41581279714e-16,-0.457649820971,-0.0696949190683
0.803200006485,0.00072398452617,-1.41848891387e-16,-0.457318183135,-0.0696952908445
0.806400001049,0.000722623709129,-1.42116078625e-16,-0.45698655143,-0.0696956626139
0.809599995613,0.000721262892088,-1.42383265863e-16,-0.456654919725,-0.0696960343832
0.812799990177,0.000719909056132,-1.42651831826e-16,-0.456318986636,-0.0696964104636
0.815999984741,0.000718556217435,-1.42920594742e-16,-0.455982439086,-0.0696967871599
0.819199979305,0.000717203378739,-1.43189357658e-16,-0.455645891536,-0.0696971638561
0.822399973869,0.000715856488709,-1.08875088016e-16,-0.455305635027,-0.0696975442943
0.825599968433,0.000714511581579,-6.30330692806e-17,-0.454964142189,-0.0696979259798
0.828799962997,0.00071316667445,-1.71910505454e-17,-0.454622649352,-0.0696983076653
0.831999957561,0.000711826695435,-2.89898960243e-17,-0.454278047262,-0.0696986925081
0.835199952126,0.000710489673369,-7.53742048504e-17,-0.45393157957,-0.0696990792455
0.838400006294,0.000709152626399,-1.21759377653e-16,-0.453585105424,-0.06969946599
0.841600000858,0.000707819523805,-1.68417236224e-16,-0.453236135423,-0.0696998552846
0.844799995422,0.000706490340572,-2.15348636897e-16,-0.452884663183,-0.0697002471366
0.847999989986,0.00070516115734,-2.62280037571e-16,-0.452533190942,-0.0697006389885
0.85119998455,0.000703834896448,-2.39018564875e-16,-0.452179830805,-0.0697010327821
0.854399979115,0.000702513506089,-9.87698415256e-17,-0.451823324196,-0.0697014298118
0.857599973679,0.00070119211573,4.1478881824e-17,-0.451466817588,-0.0697018268415
0.860799968243,0.00069987266214,1.34932824599e-16,-0.451109044918,-0.0697022251815
0.863999962807,0.000698559018965,8.79998107491e-17,-0.450747473996,-0.0697026274523
0.867199957371,0.00069724537579,4.10667968988e-17,-0.450385903073,-0.0697030297232
0.870399951935,0.000695932695268,5.93561158411e-18,-0.450023695396,-0.0697034326571
0.873600006104,0.000694626729529,5.34247058141e-17,-0.449657023256,-0.0697038402402
0.876800000668,0.000693320788115,1.00912915506e-16,-0.449290357946,-0.0697042478158
0.879999995232,0.000692014846737,1.48401127806e-16,-0.448923692612,-0.0697046553915
0.883199989796,0.000690716561929,1.96449449369e-16,-0.448551902713,-0.0697050683357
0.88639998436,0.000689418277121,2.44497770933e-16,-0.448180112815,-0.0697054812799
0.889599978924,0.000688119992313,2.92546092496e-16,-0.447808322916,-0.0697058942242
0.892799973488,0.00068682836775,2.14957751421e-16,-0.447432022469,-0.0697063119221
0.895999968052,0.000685537694657,1.19421220166e-16,-0.447055077653,-0.0697067302992
0.899199962616,0.000684247021563,2.38846889106e-17,-0.446678132838,-0.0697071486762
0.90239995718,0.000682962023741,3.624972512e-17,-0.446297299023,-0.0697075711761
0.905599951744,0.000681678917734,8.45830670634e-17,-0.445915168834,-0.0697079950503
0.908800005913,0.000680395787827,1.32917309287e-16,-0.445533031528,-0.0697084189324
0.912000000477,0.000679117383577,1.20833242324e-16,-0.445147641325,-0.0697088462829
0.915199995041,0.000677841800291,7.24999003801e-17,-0.444760295178,-0.0697092757189
0.918399989605,0.000676566217004,2.41665584367e-17,-0.44437294903,-0.069709705155
0.921599984169,0.000675294373042,-2.44526652345e-17,-0.443982979534,-0.0697101374045
0.924799978733,0.00067402626837,-7.3357767971e-17,-0.443590386713,-0.0697105724673
0.927999973297,0.000672758163698,-1.22262870708e-16,-0.443197793893,-0.0697110075301
0.931199967861,0.000671492847041,-1.52936855817e-16,-0.442803222019,-0.0697114447273
0.934399962425,0.000670232177136,-1.53225267567e-16,-0.442405351682,-0.069711885482
0.937599956989,0.00066897150723,-1.53513679316e-16,-0.442007481344,-0.0697123262367
0.940799951553,0.000667712685059,-1.41432012739e-16,-0.441608283928,-0.0697127684307
0.944000005722,0.000666459382985,-9.22375819508e-17,-0.441205097591,-0.069713214951
0.947200000286,0.000665206104256,-4.30440674651e-17,-0.440801918764,-0.0697136614629
0.95039999485,0.000663953744045,0,-0.440398072459,-0.0697141087028
0.953599989414,0.000662707813157,0,-0.439989554038,-0.0697145610376
0.956799983978,0.000661461882269,0,-0.439581035617,-0.0697150133725
0.959999978542,0.000660215951381,0,-0.439172517196,-0.0697154657073
0.963199973106,0.000658977325253,0,-0.438758627948,-0.0697159239309
0.96639996767,0.000657738699126,0,-0.438344738699,-0.0697163821545
0.969599962234,0.000656500072998,0,-0.437930849451,-0.0697168403781
0.972799956799,0.000655267801023,0,-0.437512233312,-0.0697173038122
0.975999951363,0.000654036436828,0,-0.43709294187,-0.0697177679906
0.979200005531,0.000652805049697,0,-0.436673642619,-0.0697182321777
0.982400000095,0.000651579100077,0,-0.436250275866,-0.0697187008721
0.985599994659,0.000650354955236,0,-0.435825550736,-0.0697191710717
0.988799989223,0.000649130810396,0,-0.435400825605,-0.0697196412714
0.991999983788,0.000647911151219,4.77752748302e-17,-0.434972684635,-0.0697201152758
0.995199978352,0.000646694183406,1.24215358606e-16,-0.434542494188,-0.0697205915632
0.998399972916,0.000645477215593,2.00655442382e-16,-0.43411230374,-0.0697210678505
1.00160002708,0.000644263815238,2.00655798334e-16,-0.433679364766,-0.0697215472151
1.00479996204,0.000643053982374,1.24215714559e-16,-0.433243677241,-0.069722029657
1.007999897,0.000641844149509,4.77756307827e-17,-0.432807989715,-0.0697225120988
1.01119995117,0.000640636976509,0,-0.432370228868,-0.0697229968737
1.01440000534,0.000639434214357,0,-0.431929004154,-0.0697234855462
1.01760005951,0.000638231474608,0,-0.431487787659,-0.0697239742095
1.02079999447,0.000637030497782,-1.29670454989e-17,-0.431045180882,-0.0697244644451
1.02399992943,0.000635834809561,-6.48340198702e-17,-0.43059840339,-0.0697249593972
1.0271999836,0.00063463912134,-1.16700994242e-16,-0.430151625899,-0.0697254543494
1.03040003777,0.000633444309396,-1.58861983142e-16,-0.42970414926,-0.069725950096
1.03359997272,0.00063225563136,-1.33081435321e-16,-0.429251778613,-0.0697264514043
1.03679990768,0.000631066953324,-1.07300887499e-16,-0.428799407967,-0.0697269527126
1.03999996185,0.000629878275287,-8.15203396779e-17,-0.42834703732,-0.0697274540208
1.04320001602,0.000628696566302,-8.16740602015e-17,-0.427889041253,-0.0697279617529
1.04639995098,0.000627514857349,-8.18279014917e-17,-0.427431045158,-0.0697284694851
1.04960000515,0.000626333126385,-8.19817456474e-17,-0.426973040534,-0.0697289772267
1.05279994011,0.000625157479687,-8.21363807847e-17,-0.42651009375,-0.0697294906391
1.05599999428,0.000623982698958,-8.22911293196e-17,-0.426046439781,-0.0697300048629
1.05920004845,0.000622807918228,-8.24458778546e-17,-0.425582785813,-0.0697305190867
1.06239998341,0.000621638303224,-1.02514411695e-16,-0.425114863998,-0.0697310382304
1.06559991837,0.000620470410097,-1.2922075033e-16,-0.424645519593,-0.069731559014
1.06879997253,0.000619302516969,-1.55927088965e-16,-0.424176175189,-0.0697320797976
1.0720000267,0.000618138903342,-1.1606176969e-16,-0.423703253837,-0.0697326047238
1.07519996166,0.000616977857435,-3.62531580673e-17,-0.423228186301,-0.0697331321354
1.07839989662,0.000615816811528,4.35554535548e-17,-0.422753118764,-0.0697336595471
1.08159995079,0.00061465916911,9.69712588781e-17,-0.422275173287,-0.069734190307
1.08480000496,0.000613504908778,1.23994023814e-16,-0.421794340831,-0.0697347244252
1.08800005913,0.000612350669945,1.51016285421e-16,-0.421313517331,-0.0697352585334
1.09119999409,0.000611198968842,1.47756112551e-16,-0.420830522945,-0.0697357951786
1.09439992905,0.000610051497173,9.40265943326e-17,-0.420343910514,-0.069736336052
1.09759998322,0.000608904025504,4.02970761143e-17,-0.419857298084,-0.0697368769255
1.10080003738,0.000607758235715,0,-0.419369230138,-0.0697374195074
1.10399997234,0.000606617491534,0,-0.418876795673,-0.069737967215
1.1071999073,0.000605476747353,0,-0.418384361208,-0.0697385149225
1.11039996147,0.00060433683915,-6.83549257047e-18,-0.417891194858,-0.0697390634929
1.11360001564,0.000603202772451,-6.15217249903e-17,-0.417392900478,-0.0697396181088
1.1167999506,0.000602068716313,-1.16207448109e-16,-0.41689461074,-0.0697401727195
1.12000000477,0.000600934660176,-1.70893171227e-16,-0.416396321001,-0.0697407273303
1.12319993973,0.00059980725287,-1.16207448109e-16,-0.415892142611,-0.0697412889134
1.1263999939,0.000598679845564,-6.15217249903e-17,-0.415387964222,-0.0697418504966
1.12960004807,0.000597552427759,-6.83549257047e-18,-0.414883781137,-0.069742412085
1.13279998302,0.000596430804098,0,-0.414374420829,-0.0697429798298
1.13599991798,0.000595310006641,0,-0.413864320275,-0.0697435484549
1.13919997215,0.000594189209184,0,-0.413354219721,-0.0697441170799
1.14240002632,0.000593073340041,-4.17441439518e-17,-0.412839652311,-0.0697446910386
1.14559996128,0.000591959113678,-9.74030889484e-17,-0.41232359594,-0.0697452667752
1.14880001545,0.000590844876939,-1.5306255231e-16,-0.411807534764,-0.0697458425171
1.15199995041,0.000589734733451,-1.39147492083e-16,-0.411287734871,-0.0697464227421
1.15520000458,0.000588627039658,-8.34885470862e-17,-0.410765688894,-0.06974700566
1.15839993954,0.000587519345864,-2.78296020896e-17,-0.410243642917,-0.0697475885779
1.16159999371,0.000586414899188,1.40792751352e-17,-0.409718585187,-0.0697481751215
1.16479992867,0.000585313689406,4.22382187786e-17,-0.409190510757,-0.0697487652962
1.16799998283,0.000584212489879,7.03969001733e-17,-0.408662441245,-0.0697493554654
1.171200037,0.000583113711435,6.68146439619e-17,-0.408132100122,-0.0697499483803
1.17439997196,0.000582018968099,1.03312192199e-17,-0.407597973008,-0.069750545871
1.17759990692,0.000580924224763,-4.61522055222e-17,-0.407063845894,-0.0697511433617
1.18079996109,0.000579831085989,-7.43110377847e-17,-0.40652819585,-0.0697517427004
1.18400001526,0.000578742750855,-1.74939806778e-17,-0.405987971896,-0.0697523475886
1.18719995022,0.000577654425857,3.93225472829e-17,-0.405447752974,-0.0697529524712
1.19040000439,0.000576566898451,8.18929934626e-17,-0.404906768278,-0.0697535582866
1.19359993935,0.000575484954159,2.47413978805e-17,-0.404360423201,-0.0697541706315
1.19679999352,0.000574403009868,-3.24101977016e-17,-0.403814078124,-0.0697547829764
1.20000004768,0.000573321055529,-8.95619259591e-17,-0.403267727929,-0.0697553953271
1.20319998264,0.000572245454534,-6.09021149905e-17,-0.402715222211,-0.069756015205
1.2063999176,0.000571169853538,-3.22423040219e-17,-0.402162716492,-0.0697566350829
1.20959997177,0.000570094252542,-3.58249305331e-18,-0.401610210774,-0.0697572549609
1.21280002594,0.000569024169385,0,-0.401052284199,-0.0697578814922
1.2159999609,0.000567954874494,0,-0.400493583212,-0.0697585089739
1.21920001507,0.000566885569644,0,-0.399934877022,-0.0697591364616
1.22239995003,0.000565820976624,0,-0.399371503486,-0.0697597696995
1.2256000042,0.000564757950865,0,-0.398806572463,-0.0697604048561
1.22879993916,0.000563694925106,0,-0.39824164144,-0.0697610400127
1.23199999332,0.00056263579457,-1.83386262506e-17,-0.397672794837,-0.0697616800105
1.23519992828,0.000561579001186,-4.76805102321e-17,-0.397101598869,-0.0697623229131
1.23839998245,0.00056052219796,-7.70226674816e-17,-0.396530397581,-0.0697629658217
1.24160003662,0.000559468502508,-7.70225308475e-17,-0.3959560516,-0.069763612633
1.24479997158,0.000558417904959,-4.76806468661e-17,-0.395378555636,-0.0697642633528
1.24799990654,0.000557367307409,-1.83387628847e-17,-0.394801059672,-0.0697649140727
1.25119996071,0.000556319019657,0,-0.39422118803,-0.0697655677508
1.25440001488,0.000555274571888,0,-0.393637351439,-0.0697662263655
1.25759994984,0.000554230133846,0,-0.393053520285,-0.0697668849741
1.26080000401,0.00055318722666,-7.46605233543e-18,-0.392468096493,-0.0697675455728
1.26399993896,0.000552148912013,-3.73301226115e-17,-0.391877894814,-0.0697682121417
1.26719999313,0.000551110597365,-6.71941928875e-17,-0.391287693136,-0.0697688787106
1.27039992809,0.000550073043629,-8.58375876865e-17,-0.390696690733,-0.0697695462835
1.27359998226,0.00054904080686,-2.59327701232e-17,-0.390100077495,-0.0697702208907
1.27679991722,0.000548008579705,3.39714895371e-17,-0.389503469813,-0.0697708954917
1.27999997139,0.00054697635255,9.38757491975e-17,-0.388906862131,-0.0697715700926
1.28320002556,0.000545950177195,6.38355598132e-17,-0.388303812824,-0.0697722527975
1.28639996052,0.00054492400184,3.37953704289e-17,-0.387700763517,-0.0697729355024
1.28960001469,0.000543897816929,3.75490127299e-18,-0.387097708593,-0.0697736182136
1.29279994965,0.000542876905877,2.65962297463e-17,-0.386488991542,-0.0697743080724
1.29600000381,0.000541856746841,5.69917793443e-17,-0.385879464844,-0.0697749989532
1.29919993877,0.000540836587805,8.73873289424e-17,-0.385269938146,-0.069775689834
1.30239999294,0.000539820914546,9.51206915622e-17,-0.38465552648,-0.0697763869008
1.3055999279,0.000538806736554,9.5299944954e-17,-0.384039486482,-0.0697770860296
1.30879998207,0.000537792549118,9.54792000153e-17,-0.383423440745,-0.069777785165
1.31200003624,0.000536782087379,7.64370786623e-17,-0.382803307381,-0.0697784894941
1.3151999712,0.000535773855365,4.58622756724e-17,-0.382180718027,-0.0697791969432
1.31839990616,0.000534765623351,1.52874726826e-17,-0.381558128673,-0.0697799043924
1.32159996033,0.000533760346881,1.54681716361e-17,-0.380932246557,-0.0697806160379
1.3248000145,0.000532758016647,4.64049470867e-17,-0.380303065789,-0.0697813318864
1.32799994946,0.000531755695748,7.73414344184e-17,-0.379673890881,-0.0697820477283
1.33120000362,0.000530755578532,7.34057948208e-17,-0.379042232749,-0.0697827667447
1.33439993858,0.000529759134091,1.13503767024e-17,-0.378406435941,-0.0697834910518
1.33759999275,0.000528762689651,-5.07050414159e-17,-0.377770639134,-0.0697842153589
1.34079992771,0.000527767705691,-8.94671977162e-17,-0.377133177752,-0.0697849418004
1.34399998188,0.000526777094029,-5.83479771114e-17,-0.376490716572,-0.0697856746522
1.34719991684,0.000525786491592,-2.72290463247e-17,-0.375848261374,-0.0697864074971
1.35039997101,0.000524796615128,3.9358998035e-18,-0.375204969295,-0.0697871414184
1.35360002518,0.000523811820444,3.54229516082e-17,-0.374555819071,-0.069787882874
1.35679996014,0.000522827021174,6.69101500361e-17,-0.373906665825,-0.069788624333
1.36000001431,0.000521842226489,9.83972018408e-17,-0.373257515601,-0.0697893657885
1.36319994926,0.000520863205505,3.52374079408e-17,-0.372601633568,-0.0697901159275
1.36640000343,0.000519884179963,-2.79226800704e-17,-0.371945748481,-0.06979086607
1.36959993839,0.000518905158979,-9.10824739704e-17,-0.371289866447,-0.069791616209
1.37279999256,0.00051793116036,-7.12638540744e-17,-0.37062806177,-0.0697923740098
1.37599992752,0.000516957874693,-3.95909644911e-17,-0.369965407911,-0.0697931329088
1.37919998169,0.000515984593559,-7.91822239582e-18,-0.369302757138,-0.0697938918042
1.38240003586,0.000515015587559,-2.40356726802e-17,-0.368634998892,-0.0697946573253
1.38559997082,0.00051404801262,-5.60830870211e-17,-0.367965542301,-0.0697954250501
1.38879990578,0.000513080437681,-8.8130501362e-17,-0.36729608571,-0.069796192775
1.39199995995,0.000512116403716,-8.01186104686e-17,-0.366622349079,-0.0697969660677
1.39520001411,0.000511154501518,-4.80711961277e-17,-0.365946049445,-0.0697977426952
1.39839994907,0.000510192599319,-1.60237817868e-17,-0.36526974981,-0.0697985193227
1.40160000324,0.000509233512394,0,-0.364590006802,-0.0697993004418
1.4047999382,0.000508277249676,0,-0.363906826751,-0.0698000860452
1.40799999237,0.000507320986958,0,-0.363223646699,-0.0698008716487
1.41119992733,0.000506366822203,0,-0.362537869227,-0.0698016606492
1.4143999815,0.0005054161659,0,-0.361847771236,-0.0698024553019
1.41759991646,0.000504465509598,0,-0.361157673245,-0.0698032499546
1.42079997063,0.000503516242261,0,-0.360465833129,-0.0698040468916
1.4240000248,0.000502571159504,0,-0.359768779527,-0.069804850667
1.42719995975,0.000501626072345,0,-0.359071722679,-0.0698056544462
1.43040001392,0.000500681682199,-4.1254692587e-18,-0.358373794894,-0.0698064593711
1.43359994888,0.000499742140308,-3.7129069643e-17,-0.35766974786,-0.0698072723427
1.43680000305,0.000498802594043,-7.01328237126e-17,-0.356965697547,-0.0698080853181
1.43999993801,0.000497863052152,-1.03136424097e-16,-0.356261650513,-0.0698088982897
1.44319999218,0.000496929018641,-7.01328237126e-17,-0.355550572076,-0.0698097205312
1.44639992714,0.000495994980781,-3.7129069643e-17,-0.354839490328,-0.0698105427765
1.44959998131,0.000495060947271,-4.1254692587e-18,-0.354128411892,-0.069811365018
1.45279991627,0.000494131705331,2.92197444098e-17,-0.353411147626,-0.069812195435
1.45599997044,0.000493203143581,6.26139157391e-17,-0.352692996321,-0.0698130270239
1.4591999054,0.000492274586155,9.60079315651e-17,-0.35197484836,-0.0698138586089
1.46239995956,0.000491350107407,5.41175145594e-17,-0.351251366184,-0.0698146972608
1.46560001373,0.000490426993958,-1.28674533009e-17,-0.350526110428,-0.0698155382632
1.46879994869,0.00048950388051,-7.98524211612e-17,-0.349800854672,-0.0698163792655
1.47200000286,0.000488584145315,-1.05095712656e-16,-0.349071129131,-0.0698172262037
1.47519993782,0.000487666443926,-1.05293810255e-16,-0.348338727157,-0.0698180766972
1.47839999199,0.0004867487404,-1.05491908315e-16,-0.347606323477,-0.0698189271927
1.48159992695,0.000485833729174,-8.86964322977e-17,-0.346870329106,-0.0698197824687
1.48479998112,0.000484921405988,-5.49073039931e-17,-0.346130740617,-0.0698206425292
1.48799991608,0.000484009082803,-2.11181756886e-17,-0.345391152128,-0.0698215025898
1.49119997025,0.00048309876542,0,-0.344648854807,-0.069822366265
1.49440002441,0.000482191793141,0,-0.34390204452,-0.0698232359626
1.49759995937,0.00048128481875,0,-0.343155232496,-0.0698241056622
1.50080001354,0.000480379173721,8.59763490237e-18,-0.342406604863,-0.0698249777901
1.5039999485,0.000479477518865,4.29880143689e-17,-0.341652532179,-0.0698258572008
1.50720000267,0.000478575861909,7.73784739069e-17,-0.34089845774,-0.0698267366135
1.51039993763,0.000477674865737,1.03171298542e-16,-0.340143470618,-0.0698276172496
1.5135999918,0.000476778495039,6.87808390045e-17,-0.339382094733,-0.0698285064495
1.51679992676,0.000475882126429,3.4390459538e-17,-0.33862072062,-0.0698293956473
1.51999998093,0.000474985755731,0,-0.337859344735,-0.0698302848472
1.52319991589,0.000474094640298,0,-0.33709062822,-0.0698311839085
1.52639997005,0.00047320352694,0,-0.336321913495,-0.0698320829676
1.52959990501,0.000472312411507,0,-0.33555319698,-0.0698329820288
1.53279995918,0.000471425867468,-6.12543411834e-17,-0.334778022994,-0.0698338897837
1.53600001335,0.000470539976488,-1.31259325821e-16,-0.334001926511,-0.0698347987805
1.53919994831,0.000469654086539,-2.01264228961e-16,-0.333225830931,-0.0698357077762
1.54240000248,0.000468772091952,-1.92668401789e-16,-0.33244417076,-0.0698366242792
1.54559993744,0.000467891394793,-1.5787233134e-16,-0.331660654816,-0.0698375432858
1.54879999161,0.000467010698659,-1.23076301399e-16,-0.330877139785,-0.0698384622913
1.55199992657,0.000466133229627,-1.10157559427e-16,-0.330088962818,-0.0698393875993
1.55519998074,0.000465257695837,-1.10365198627e-16,-0.329297987768,-0.0698403166899
1.5583999157,0.000464382163067,-1.10572837586e-16,-0.328507013638,-0.0698412457795
1.56159996986,0.000463509195825,-9.29683804925e-17,-0.327712289134,-0.0698421799493
1.56480002403,0.000462638796145,-5.7551868334e-17,-0.326913816105,-0.0698431191973
1.56799995899,0.000461768395452,-2.21353149453e-17,-0.326115342147,-0.0698440584463
1.57120001316,0.000460899909396,2.6876613549e-17,-0.325314042047,-0.0698450015315
1.57439994812,0.000460034612207,9.85475969189e-17,-0.324508029695,-0.0698459510128
1.57760000229,0.000459169315018,1.70218580289e-16,-0.323702017342,-0.069846900494
1.58079993725,0.000458305286099,2.15065762861e-16,-0.322894110245,-0.0698478525521
1.58399999142,0.000457445061989,1.79441605493e-16,-0.322080518921,-0.0698488123405
1.58719992638,0.000456584838129,1.43817458493e-16,-0.321266927834,-0.0698497721286
1.59039998055,0.000455725244435,1.08140467515e-16,-0.320452384104,-0.0698507332147
1.5935999155,0.000454870063784,7.20936467583e-17,-0.31963117366,-0.0698517033845
1.59679996967,0.000454014883071,3.60468233792e-17,-0.318809963156,-0.0698526735545
1.59999990463,0.000453159702357,0,-0.317988752653,-0.0698536437244
1.6031999588,0.000452309535408,0,-0.317159882486,-0.0698546243503
1.60640001297,0.00045145936846,0,-0.31633101232,-0.0698556049763
1.60959994793,0.000450609201573,0,-0.315502142213,-0.0698565856021
1.6128000021,0.000449763395886,3.21022915152e-17,-0.314666534273,-0.0698575754423
1.61599993706,0.00044891821349,6.87906170486e-17,-0.313829964045,-0.0698585665986
1.61919999123,0.000448073030849,1.0547895326e-16,-0.312993393574,-0.0698595577551
1.62239992619,0.000447231564567,1.1481331547e-16,-0.312151017367,-0.0698605568654
1.62559998035,0.000446391337071,1.15029679271e-16,-0.311306705913,-0.0698615586269
1.62879991531,0.000445551109576,1.15246043072e-16,-0.310462394458,-0.0698625603884
1.63199996948,0.000444713961375,6.90603173169e-17,-0.309613219826,-0.069863568824
1.63520002365,0.000443878659487,-4.96676556033e-18,-0.308761125997,-0.0698645812656
1.63839995861,0.000443043358571,-7.89937622588e-17,-0.30790903316,-0.069865593706
1.64160001278,0.000442210505289,-9.74461230053e-17,-0.307053027863,-0.0698666115247
1.64479994774,0.000441380101582,-6.03238048372e-17,-0.306193112098,-0.0698676347191
1.64800000191,0.000440549696908,-2.32014434531e-17,-0.305333195332,-0.0698686579147
1.65119993687,0.000439721118887,-1.40855512697e-17,-0.304470330513,-0.0698696851699
1.65439999104,0.000438895583675,-5.16470067466e-17,-0.303602550608,-0.0698707191928
1.65759992599,0.000438070047502,-8.92085059507e-17,-0.302734769693,-0.069871753217
1.66079998016,0.000437245722277,-1.07989255553e-16,-0.301865013412,-0.0698727899657
1.66399991512,0.000436425027017,-7.04278000759e-17,-0.300989327995,-0.0698738348917
1.66719996929,0.000435604330801,-3.28663008718e-17,-0.300113641559,-0.069874879819
1.67039990425,0.000434784236035,-4.75074003119e-18,-0.299236961739,-0.0698759261184
1.67359995842,0.000433968351399,-4.27565717916e-17,-0.298353328252,-0.0698769820233
1.67680001259,0.000433152468664,-8.07623150628e-17,-0.297469696822,-0.0698780379256
1.67999994755,0.000432336584029,-1.18768146823e-16,-0.296586063334,-0.0698790938305
1.68320000172,0.000431525482763,-4.25323498225e-17,-0.295694441105,-0.0698801607874
1.68639993668,0.000430714383386,3.37032696779e-17,-0.294802820952,-0.0698812277419
1.68959999084,0.00042990328212,1.09939066678e-16,-0.293911198723,-0.0698822946989
1.6927999258,0.000429096341762,8.60173550323e-17,-0.293012549729,-0.0698833713916
1.69599997997,0.000428289995821,4.7787389792e-17,-0.292112896909,-0.0698844494752
1.69919991493,0.000427483651757,9.55751356281e-18,-0.291213246183,-0.0698855275563
1.7023999691,0.000426680851396,2.90116314976e-17,-0.290307538915,-0.0698866140408
1.70560002327,0.000425879232899,6.7693836849e-17,-0.289399813492,-0.0698877033255
1.70879995823,0.000425077616268,1.06375952136e-16,-0.288492090183,-0.0698887926077
1.7120000124,0.000424278935095,1.45343309924e-16,-0.287579293033,-0.0698898889397
1.71519994736,0.000423482016325,1.84481759811e-16,-0.286663452836,-0.0698909895
1.71840000153,0.000422685097554,2.23620209698e-16,-0.285747612639,-0.0698920900604
1.72159993649,0.000421890516719,1.84709300021e-16,-0.28482769603,-0.0698931962932
1.72479999065,0.00042109827012,6.77488495862e-17,-0.283903698727,-0.0698943082037
1.72799992561,0.000420306025365,-4.92113285289e-17,-0.282979703574,-0.0698954201116
1.73119997978,0.000419515518718,-1.07634322878e-16,-0.282052629261,-0.0698965363088
1.73439991474,0.000418727918731,-6.84946188113e-17,-0.281120434526,-0.0698976596412
1.73759996891,0.000417940318744,-2.93549147443e-17,-0.280188239791,-0.0698987829736
1.74079990387,0.000417153869479,0,-0.279253980146,-0.069899909186
1.74399995804,0.000416370887028,0,-0.278313543172,-0.0699010440174
1.74720001221,0.00041558790093,0,-0.277373101818,-0.069902178854
1.75039994717,0.000414805492289,4.97955526366e-18,-0.276431629207,-0.069903315132
1.75360000134,0.0004140271003,4.48158118706e-17,-0.275482907175,-0.0699044615367
1.75679993629,0.000413248704686,8.46522539798e-17,-0.274534180725,-0.0699056079468
1.75999999046,0.000412470312697,1.24488510587e-16,-0.273585458693,-0.0699067543515
1.76319992542,0.000411696484256,1.24723438664e-16,-0.27262840862,-0.0699079124039
1.76639997959,0.000410922652212,1.24958367834e-16,-0.271671354091,-0.0699090704617
1.76959991455,0.000410148823771,1.25193295911e-16,-0.270714304018,-0.0699102285141
1.77279996872,0.000409378965021,9.01603987839e-17,-0.269749929163,-0.0699113968233
1.77600002289,0.00040860966979,5.00890275038e-17,-0.268784503409,-0.0699125666032
1.77919995785,0.000407840378141,1.001784282e-17,-0.267819082151,-0.0699137363776
1.78240001202,0.00040707446557,-3.04090456144e-17,-0.266847345497,-0.0699149150048
1.78559994698,0.000406309684114,-7.09542509632e-17,-0.265873509744,-0.0699160965756
1.78880000114,0.000405544902658,-1.11499456312e-16,-0.264899673991,-0.0699172781463
1.7919999361,0.000404782919996,-7.58727926216e-17,-0.263920547448,-0.0699184671418
1.79519999027,0.000404022622289,5.45672705397e-18,-0.262938253727,-0.0699196605831
1.79839992523,0.000403262324582,8.67862467295e-17,-0.261955960006,-0.0699208540244
1.8015999794,0.000402504252075,1.07058943806e-16,-0.260969410888,-0.0699220534438
1.80479991436,0.000401748411829,6.62746294791e-17,-0.259978615561,-0.0699232588299
1.80799996853,0.000400992571582,2.54903151524e-17,-0.258987820234,-0.069924464216
1.81119990349,0.000400238389571,0,-0.25799381575,-0.0699256741149
1.81439995766,0.000399486980651,0,-0.256994475015,-0.0699268915199
1.81760001183,0.000398735571731,0,-0.255995134279,-0.069928108925
1.82079994678,0.000397985260654,1.03775821236e-17,-0.254993641536,-0.069929329359
1.82400000095,0.000397238257079,5.18877173213e-17,-0.253985711424,-0.069930558857
1.82719993591,0.000396491250026,9.33980458159e-17,-0.252977776618,-0.0699317883608
1.83039999008,0.000395744793893,1.2974999003e-16,-0.251968767312,-0.0699330193798
1.83359992504,0.000395002169835,1.29994789517e-16,-0.250952203689,-0.0699342610449
1.83679997921,0.000394259542319,1.30239590144e-16,-0.249935635332,-0.0699355027158
1.83999991417,0.000393516918261,1.30484389631e-16,-0.248919071709,-0.0699367443809
1.84319996834,0.000392778648042,8.87294549467e-17,-0.247893830276,-0.0699379982871
1.84640002251,0.000392040374385,4.6974325825e-17,-0.246868584068,-0.0699392521991
1.84959995747,0.000391302104167,5.21939114021e-18,-0.245843342634,-0.0699405061053
1.85279989243,0.000390567621219,3.69677394278e-17,-0.244810469213,-0.069941770787
1.85599994659,0.000389833679313,7.92166125933e-17,-0.243776505503,-0.0699430370082
1.85920000076,0.000389099730571,1.21465879233e-16,-0.242742532162,-0.0699443032411
1.86239993572,0.000388369015882,1.32214817896e-16,-0.241701993238,-0.0699455787539
1.86559998989,0.000387639376911,1.32463973968e-16,-0.240659262617,-0.0699468573638
1.86879992485,0.000386909737941,1.3271313004e-16,-0.239616531995,-0.0699481359737
1.87199997902,0.00038618277253,1.59681038976e-16,-0.238568294069,-0.0699494223727
1.87519991398,0.000385457411267,2.02680319073e-16,-0.237516751736,-0.0699507134452
1.87839996815,0.000384732043248,2.45679999632e-16,-0.236465199609,-0.0699520045298
1.88159990311,0.000384008808308,1.81429727475e-16,-0.235409228915,-0.0699533018705
1.88479995728,0.000383287699672,9.93090190091e-18,-0.234348829902,-0.0699546054792
1.88800001144,0.000382566591035,-1.61567923673e-16,-0.233288430888,-0.069955909088
1.8911999464,0.000381847067772,-2.52725125223e-16,-0.232224693719,-0.0699572174255
1.89440000057,0.000381130180153,-2.09977559181e-16,-0.231155382929,-0.0699585336565
1.89759993553,0.00038041329921,-1.67230391254e-16,-0.230086082099,-0.0699598498752
1.9007999897,0.000379697468999,-1.13479018485e-16,-0.229014544477,-0.0699611692648
1.90399992466,0.000378984790963,-2.67152361594e-17,-0.227936296523,-0.0699624981669
1.90719997883,0.000378272112927,6.00485461662e-17,-0.226858048569,-0.0699638270691
1.91039991379,0.000377559957157,1.30528707253e-16,-0.225778676578,-0.0699651575658
1.91359996796,0.000376851450787,8.70188680263e-17,-0.224691425901,-0.0699664992374
1.91680002213,0.000376142951016,4.35094340131e-17,-0.223604185351,-0.0699678408965
1.91999995708,0.000375434451245,0,-0.2225169448,-0.0699691825556
1.92319989204,0.000374730105241,-8.80482545412e-17,-0.221420666008,-0.0699705370449
1.92639994621,0.000374025759238,-1.76096509082e-16,-0.220324387216,-0.0699718915343
1.92960000038,0.000373321406674,-2.64145583638e-16,-0.219228098215,-0.0699732460363
1.93279993534,0.000372620673924,-2.36857139201e-16,-0.218123870838,-0.0699746118164
1.93599998951,0.000371920457334,-1.93092637284e-16,-0.217018507992,-0.0699759792093
1.93919992447,0.000371220240745,-1.49328135366e-16,-0.215913145146,-0.0699773466023
1.94239997864,0.000370523103052,-1.05174196023e-16,-0.214800934782,-0.0699787237278
1.9455999136,0.000369826991665,-6.08904433998e-17,-0.213686441897,-0.0699801040975
1.94879996777,0.000369130873796,-1.66062783509e-17,-0.212571938633,-0.06998148448
1.95199990273,0.000368437313129,-2.80048839468e-17,-0.211451710602,-0.069982873006
1.95519995689,0.000367745282877,-7.28124896098e-17,-0.210328041525,-0.0699842664255
1.95840001106,0.000367053252624,-1.17620095273e-16,-0.209204372448,-0.0699856598451
1.96159994602,0.000366363250965,-1.40156124715e-16,-0.208076092133,-0.0699870598261
1.96480000019,0.000365675271511,-1.40420372975e-16,-0.206943189988,-0.0699884663816
1.96799993515,0.000364987298465,-1.40684618774e-16,-0.205810298393,-0.069989872924
1.97119998932,0.000364300837958,-1.40949448958e-16,-0.204673930901,-0.0699912844148
1.97439992428,0.00036361689833,-1.41215253108e-16,-0.203531770292,-0.069992704153
1.97759997845,0.000362932958703,-1.41481057258e-16,-0.202389609682,-0.0699941238911
1.98079991341,0.000362250021504,-1.18945058184e-16,-0.201245120185,-0.0699955469464
1.98399996758,0.000361570085315,-2.80015282965e-17,-0.200093633168,-0.0699969799664
1.98720002174,0.000360890155458,6.29411546202e-17,-0.198942156876,-0.069998412973
1.9903999567,0.000360210723887,1.25346746928e-16,-0.197789510263,-0.0699998476474
1.99359989166,0.000359534780292,-1.20062319406e-17,-0.196628671447,-0.0700012939952
1.99679994583,0.000358858836697,-1.49359210809e-16,-0.195467832631,-0.0700027403431
2,0.000358182893101,-2.86712189678e-16,-0.194306993815,-0.0700041866909
2.00320005417,0.00035751090612,-1.48819725255e-16,-0.193136734607,-0.070005646466
2.00639986992,0.000356838925414,-1.09272633453e-17,-0.191966486255,-0.0700071062276
2.00959992409,0.000356166944709,1.26965198565e-16,-0.190796237902,-0.0700085659892
2.01279997826,0.0003554984112,1.03825416875e-16,-0.189617714923,-0.0700100375512
2.01600003242,0.000354830370151,5.76809065291e-17,-0.188438009847,-0.070011510799
2.01919984818,0.00035416232288,1.15359664283e-17,-0.187258293785,-0.0700129840604
2.02239990234,0.000353497219262,3.50179444658e-17,-0.186071460615,-0.0700144674771
2.02559995651,0.000352833094769,8.17083196675e-17,-0.184882251457,-0.0700159542834
2.02880001068,0.000352168970277,1.28398694869e-16,-0.1836930423,-0.0700174410897
2.03200006485,0.000351507279274,1.4607975985e-16,-0.182497863399,-0.0700189364151
2.0351998806,0.000350847048377,1.46355109017e-16,-0.181299102626,-0.070020436852
2.03839993477,0.00035018681133,1.46630460748e-16,-0.180100330689,-0.070021937303
2.04159998894,0.000349528515824,9.96637044747e-17,-0.178896770232,-0.0700234445913
2.04480004311,0.000348872155693,5.45528273691e-18,-0.177688410136,-0.0700249587311
2.04799985886,0.000348215795561,-8.87531390009e-17,-0.17648005004,-0.0700264728708
2.05119991302,0.000347560878445,-1.47738153364e-16,-0.175268072271,-0.070027992176
2.05439996719,0.000346908360309,-1.48016762372e-16,-0.174050053627,-0.0700295201046
2.05760002136,0.000346255848249,-1.48295368785e-16,-0.172832046326,-0.0700310480191
2.06080007553,0.000345604292572,-1.48574385961e-16,-0.171611615199,-0.0700325793951
2.06399989128,0.000344955606023,-1.48854635418e-16,-0.170383912637,-0.0700341211561
2.06719994545,0.000344306919474,-1.49134884876e-16,-0.169156210076,-0.070035662917
2.07039999962,0.000343658708295,-1.43405104908e-16,-0.167927289617,-0.0700372064177
2.07360005379,0.000343013818822,-9.56031064804e-17,-0.166689832037,-0.0700387621113
2.07679986954,0.000342368935355,-4.78015532402e-17,-0.165452385982,-0.0700403177905
2.07999992371,0.000341724051888,0,-0.164214939926,-0.0700418734696
2.08319997787,0.000341082949205,4.83670201082e-17,-0.16296770197,-0.0700434431385
2.08640003204,0.000340441846522,9.67340402165e-17,-0.161720464013,-0.0700450128073
2.08960008621,0.000339800737869,1.45101510778e-16,-0.160473214441,-0.0700465824908
2.09279990196,0.000339162923991,1.51396774723e-16,-0.15921736602,-0.0700481644632
2.09599995613,0.000338525579926,1.51682011685e-16,-0.157960287578,-0.0700497481932
2.0992000103,0.000337888235861,1.51967248648e-16,-0.156703209136,-0.0700513319232
2.10239982605,0.000337253694227,1.52253747221e-16,-0.155438713772,-0.0700529262525
2.10559988022,0.000336620086742,1.52540666333e-16,-0.154171746085,-0.0700545241148
2.10879993439,0.000335986479258,1.52827585445e-16,-0.152904778398,-0.0700561219772
2.11199998856,0.000335355193421,9.158145828e-17,-0.15163159941,-0.0700577287166
2.11520004272,0.000334725300609,-6.58550526889e-18,-0.15035469354,-0.0700593407825
2.11840009689,0.000334095396065,-1.04754297323e-16,-0.149077763886,-0.0700609528783
2.12159991264,0.000333467349727,-1.53982252052e-16,-0.147795864297,-0.0700625720815
2.12479996681,0.00033284114981,-1.54272565285e-16,-0.14650897113,-0.0700641984218
2.12800002098,0.000332214949893,-1.54562878518e-16,-0.145222077963,-0.0700658247621
2.13119983673,0.000331590126698,-1.17496065387e-16,-0.143931421057,-0.0700674564818
2.1343998909,0.000330967598024,-1.81678388681e-17,-0.142634491301,-0.0700690971673
2.13759994507,0.00033034506935,8.11603876508e-17,-0.141337561544,-0.0700707378528
2.14079999924,0.000329723453092,1.36941650235e-16,-0.140038110308,-0.0700723821423
2.14400005341,0.000329104574136,6.20795876017e-17,-0.138731094492,-0.0700740372437
2.14719986916,0.00032848569518,-1.27824750318e-17,-0.137424078676,-0.0700756923451
2.15039992332,0.000327867269733,-7.83058996696e-17,-0.136115795985,-0.0700773492571
2.15359997749,0.000327252007637,-7.84536423462e-17,-0.134798619928,-0.070079018876
2.15680003166,0.000326636757001,-7.86013822709e-17,-0.133481468403,-0.0700806884638
2.15999984741,0.000326021506382,-7.8748886125e-17,-0.132164316832,-0.0700823580516
2.16319990158,0.000325409862793,-2.82009216442e-17,-0.130836979773,-0.0700840421961
2.16639995575,0.000324798219204,2.23470428365e-17,-0.129509642713,-0.0700857263405
2.16960000992,0.000324186575616,7.28950073172e-17,-0.128182305654,-0.070087410485
2.17280006409,0.000323578069687,3.4723256502e-17,-0.126846012501,-0.070089107428
2.17599987984,0.000322970011998,-1.61228068059e-17,-0.1255084399,-0.0700908061993
2.17919993401,0.000322361954308,-6.69688701139e-17,-0.124170867298,-0.0700925049707
2.18239998817,0.000321756570254,-7.97934579366e-17,-0.12282558046,-0.0700942147646
2.18559980392,0.00032115207744,-7.99438271466e-17,-0.121477722131,-0.0700959282328
2.18879985809,0.000320547573367,-8.00941991574e-17,-0.120129838696,-0.0700976417329
2.19199991226,0.000319945295563,-6.41203019715e-17,-0.118775520229,-0.0700993644304
2.19519996643,0.000319344346723,-3.84721572962e-17,-0.117417325806,-0.0701010926653
2.1984000206,0.000318743397884,-1.28240126208e-17,-0.116059131382,-0.0701028209002
2.20160007477,0.00031814421065,-1.29758347658e-17,-0.114695743614,-0.0701045565533
2.20479989052,0.000317546785007,-3.89273834509e-17,-0.11332716255,-0.0701062996246
2.20799994469,0.000316949359363,-6.48789321359e-17,-0.111958581486,-0.0701080426959
2.21119999886,0.000316353247162,-6.15778235989e-17,-0.110586086439,-0.0701097913568
2.21439981461,0.000315759324058,-9.5216809381e-18,-0.109207068008,-0.0701115493339
2.21759986877,0.000315165400954,4.25344617227e-17,-0.107828049576,-0.070113307311
2.22079992294,0.000314572348323,7.5051057163e-17,-0.106446409161,-0.0701150690318
2.22399997711,0.000313981896226,4.89459769505e-17,-0.105056876572,-0.070116842017
2.22720003128,0.000313391455127,2.28413829747e-17,-0.103667369865,-0.0701186149693
2.23040008545,0.000312801446744,0,-0.102276545681,-0.0701203898022
2.2335999012,0.000312214467235,0,-0.100876499609,-0.0701221777987
2.23679995537,0.000311627487725,0,-0.0994764535362,-0.0701239657952
2.24000000954,0.000311040508216,0,-0.0980764074636,-0.0701257537918
2.24319982529,0.00031045697,0,-0.0966657707543,-0.0701275569015
2.24639987946,0.000309873431785,0,-0.0952551340449,-0.0701293600113
2.24959993362,0.00030928989357,0,-0.0938444973356,-0.0701311631211
2.25279998779,0.000308709348816,0,-0.0924245488529,-0.070132979515
2.25600004196,0.000308129231719,0,-0.0910032700532,-0.0701347978068
2.25920009613,0.000307549103816,0,-0.08958196478,-0.0701366161324
2.26239991188,0.000306971537543,2.0162818505e-17,-0.0881526655982,-0.0701384458622
2.26559996605,0.000306394821506,4.70462844108e-17,-0.0867206930719,-0.0701402794046
2.26880002022,0.00030581810547,7.39297503165e-17,-0.0852887205456,-0.0701421129469
2.27199983597,0.000305243502643,6.72087273575e-17,-0.0838500320219,-0.0701439560636
2.27519989014,0.000304670167727,4.03252614517e-17,-0.0824073139498,-0.0701458049249
2.27839994431,0.000304096832811,1.34417955459e-17,-0.0809645958777,-0.0701476537862
2.28159999847,0.000303525178535,1.36006782961e-17,-0.0795164790566,-0.0701495103411
2.28480005264,0.000302955204915,4.08021615552e-17,-0.0780629634362,-0.0701513745896
2.28799986839,0.000302385231296,6.80036448143e-17,-0.0766094478158,-0.070153238838
2.29119992256,0.000301816510747,8.50649327208e-17,-0.0751518636271,-0.0701551088821
2.29439997673,0.000301249868163,8.52253523743e-17,-0.0736874709963,-0.0701569886207
2.2976000309,0.000300683236133,8.53857690398e-17,-0.0722231056415,-0.0701588683244
2.30079984665,0.000300117434622,6.49034946259e-17,-0.070756014697,-0.0701607519088
2.30399990082,0.000299554124591,-1.75049305673e-17,-0.0692807472374,-0.0701626471355
2.30719995499,0.000298990814559,-9.99133557605e-17,-0.0678054797778,-0.0701645423621
2.31040000916,0.000298427917344,-1.616791189e-16,-0.0663288429794,-0.0701664395376
2.31360006332,0.000297867909834,-7.89470166641e-17,-0.0648426208604,-0.0701683503548
2.31679987907,0.000297307902324,3.78508557217e-18,-0.0633563987414,-0.070170261172
2.31999993324,0.000296747894814,8.65171878085e-17,-0.0618701766224,-0.0701721719892
2.32319998741,0.000296191170447,3.09834061582e-17,-0.0603729471558,-0.0701740984644
2.32639980316,0.000295634446096,-2.45510193469e-17,-0.0588757176379,-0.0701760249396
2.32959985733,0.000295077711374,-8.0086479263e-17,-0.0573784602318,-0.0701779514508
2.3327999115,0.000294523842973,-6.26598119479e-17,-0.0558715528342,-0.0701798916857
2.33599996567,0.000293970382531,-3.48109634106e-17,-0.0543632629927,-0.0701818338862
2.33920001984,0.00029341692209,-6.96211487319e-18,-0.0528549731513,-0.0701837760867
2.34240007401,0.00029286589524,0,-0.0513383481956,-0.0701857301314
2.34559988976,0.000292315679573,0,-0.0498189449204,-0.0701876881241
2.34879994392,0.000291765463905,0,-0.0482995416452,-0.0701896461168
2.35199999809,0.000291217264326,-1.7715240058e-17,-0.0467731591833,-0.0701916140214
2.35519981384,0.000290670274408,-4.60597033445e-17,-0.0452425891782,-0.0701935878731
2.35839986801,0.00029012328449,-7.44041666309e-17,-0.0437120191732,-0.0701955617249
2.36159992218,0.000289577897969,-7.44045625992e-17,-0.0421758391404,-0.0701975435394
2.36479997635,0.00028903410476,-4.60595713551e-17,-0.0406340202051,-0.0701995333538
2.36800003052,0.00028849032168,-1.77151080686e-17,-0.0390922299878,-0.0702015231312
2.37120008469,0.000287947734134,1.07550950179e-17,-0.037546211993,-0.0702035189058
2.37439990044,0.00028740713909,3.94348587127e-17,-0.0359931478947,-0.0702055246752
2.37759995461,0.000286866544046,6.81146224076e-17,-0.0344400837964,-0.0702075304446
2.38080000877,0.000286326741342,9.68789538547e-17,-0.0328841877507,-0.0702095402286
2.38399982452,0.000285789315643,1.25896986984e-16,-0.0313197959154,-0.0702115620563
2.38719987869,0.000285251889944,1.54915020113e-16,-0.0297554040801,-0.0702135838839
2.39039993286,0.000284714858078,1.65839406656e-16,-0.0281895895686,-0.070215607727
2.39359998703,0.000284180583142,5.01035486508e-17,-0.0266138159531,-0.0702176456789
2.3968000412,0.000283646308207,-6.56323093543e-17,-0.0250380423376,-0.0702196836307
2.40000009537,0.000283112023348,-1.81368704713e-16,-0.0234622392644,-0.0702217216206
2.40319991112,0.000282580880703,-1.23330643532e-16,-0.0218750296377,-0.0702237757624
2.40639996529,0.000282049738058,-6.52925823503e-17,-0.0202878200111,-0.0702258299041
2.40960001945,0.000281518595413,-7.25452116907e-18,-0.0187006103844,-0.0702278840459
2.41279983521,0.000280990177466,0,-0.0171033465845,-0.0702299524112
2.41599988937,0.000280462148747,0,-0.0155046465277,-0.0702320228085
2.41919994354,0.000279934120028,0,-0.0139059464709,-0.0702340932057
2.42239999771,0.000279408413058,0,-0.0122985876495,-0.0702361758435
2.42560005188,0.000278883480009,0,-0.0106883425552,-0.0702382625615
2.42879986763,0.000278358546959,0,-0.00907809746093,-0.0702403492795
2.4319999218,0.00027783553734,0,-0.00746060254497,-0.0702424462385
2.43519997597,0.000277313681811,0,-0.00583875761715,-0.0702445493424
2.43840003014,0.000276791816561,0,-0.00421688248006,-0.0702466524855
2.44159984589,0.000276271490791,-1.49426390079e-17,-0.00258921006146,-0.0702487638148
2.44479990005,0.000275752694738,-4.48274995362e-17,-0.000955710314904,-0.0702508833695
2.44799995422,0.000275233898686,-7.47123600646e-17,0.000677789431657,-0.0702530029241
2.45120000839,0.000274716243215,-7.09105049915e-17,0.00231568044618,-0.070255128672
2.45440006256,0.000274200488702,-1.09645422242e-17,0.00396089018611,-0.0702572647421
2.45759987831,0.000273684734188,4.89814205432e-17,0.00560609992604,-0.0702594008121
2.46079993248,0.000273169735591,7.88664411802e-17,0.00725425096432,-0.070261541027
2.46399998665,0.000272657004784,1.85669556139e-17,0.00891122606204,-0.0702636936769
2.4671998024,0.000272144273978,-4.17325299524e-17,0.0105682011597,-0.0702658463268
2.47039985657,0.000271631918893,-9.45173955751e-17,0.0122266537683,-0.070268001057
2.47359991074,0.000271122184571,-9.46957254928e-17,0.0138954808621,-0.0702701703914
2.4767999649,0.000270612459744,-9.48740520889e-17,0.0155642768722,-0.0702723396853
2.48000001907,0.00027010273493,-9.50520937411e-17,0.0172330729375,-0.0702745089793
2.48320007324,0.000269595998459,-3.40392956242e-17,0.0189137456049,-0.0702766949812
2.48639988899,0.000269089261987,2.69735024928e-17,0.0205944182723,-0.0702788809832
2.48959994316,0.000268582525515,8.79863006097e-17,0.0222750909397,-0.0702810669851
2.49279999733,0.000268078388523,4.19119356449e-17,0.0239662046192,-0.0702832676624
2.49599981308,0.000267574622886,-1.9460676889e-17,0.0256588098798,-0.0702854704361
2.49919986725,0.00026707085725,-8.0833289423e-17,0.0273514151404,-0.0702876732098
2.50239992142,0.000266569306659,-4.9876247428e-17,0.0290530118714,-0.0702898886099
2.50559997559,0.00026606849444,1.18583015156e-17,0.0307576058521,-0.0702921082189
2.50880002975,0.000265567672893,7.35940003568e-17,0.0324622315835,-0.0702943278693
2.51200008392,0.000265068695759,7.73949894281e-17,0.0341743538046,-0.07029655804
2.51519989967,0.000264570819642,4.64369648249e-17,0.0358909928241,-0.0702987945476
2.51839995384,0.000264072943525,1.54789402217e-17,0.0376076318436,-0.0703010310552
2.52160000801,0.000263576526859,0,0.0393303216658,-0.0703032760437
2.52479982376,0.000263081569629,0,0.0410590622343,-0.070305529513
2.52799987793,0.0002625866124,0,0.0427878028028,-0.0703077829822
2.5311999321,0.000262092743328,1.1815773184e-17,0.0445211026803,-0.0703100428356
2.53439998627,0.000261600687873,4.3324746217e-17,0.0462620015003,-0.0703123133293
2.53760004044,0.000261108632419,7.48337192499e-17,0.0480029003204,-0.0703145838231
2.54079985619,0.000260617298131,8.26652793659e-17,0.0497468528275,-0.0703168585884
2.54399991035,0.000260128118327,1.94603361779e-17,0.0514999994485,-0.0703191462118
2.54719996452,0.000259638947634,-4.37434297463e-17,0.0532531134151,-0.0703214337927
2.55040001869,0.000259150135438,-9.10989980777e-17,0.0550077614752,-0.0703237235172
2.55359983444,0.000258663832594,-2.75224965685e-17,0.0567731476762,-0.0703260282475
2.55679988861,0.000258177529751,3.60540049407e-17,0.0585385338772,-0.0703283329777
2.55999994278,0.000257691226907,9.96305064499e-17,0.0603039200781,-0.0703306377079
2.56319999695,0.000257207775099,3.56790711553e-17,0.0620816357945,-0.0703329596498
2.56640005112,0.00025672432329,-2.82723641394e-17,0.0638593515109,-0.0703352815916
2.56959986687,0.000256240871482,-9.2223799434e-17,0.0656370672272,-0.0703376035334
2.57279992104,0.000255759899689,-1.00383548908e-16,0.0674256214948,-0.0703399405894
2.5759999752,0.0002552792822,-1.005726758e-16,0.0692157242011,-0.0703422798046
2.57920002937,0.00025479865576,-1.00761806214e-16,0.0710058602507,-0.0703446190634
2.58239984512,0.000254320151571,-7.66146833396e-17,0.072805296552,-0.0703469712802
2.58559989929,0.000253842351785,-4.4355829771e-17,0.0746078439165,-0.0703493278305
2.58879995346,0.000253364551999,-1.20969762024e-17,0.0764103912809,-0.0703516843809
2.59200000763,0.000252888502961,-4.08007650557e-17,0.0782207527572,-0.0703540518042
2.5952000618,0.000252413504358,-1.06081685156e-16,0.0800358026423,-0.0703564257511
2.59839987755,0.000251938505755,-1.71362605257e-16,0.0818508525275,-0.0703587996979
2.60159993172,0.000251464899526,-2.0419570919e-16,0.0836721826722,-0.0703611823736
2.60479998589,0.000250992676887,-2.04580701932e-16,0.0854998271769,-0.0703635738228
2.60799980164,0.00025052047184,-2.04965680331e-16,0.0873274035977,-0.0703659651828
2.6111998558,0.000250049287394,-1.92966191443e-16,0.089159780303,-0.0703683632017
2.61439990997,0.000249579850728,-1.60327474573e-16,0.0909999753182,-0.07037077208
2.61759996414,0.000249110396575,-1.27687541792e-16,0.0928402388873,-0.0703731810482
2.62080001831,0.000248641647924,-8.66471036055e-17,0.0946836030591,-0.0703755943211
2.62400007248,0.000248174946024,-2.03979380173e-17,0.0965365441405,-0.0703780208689
2.62719988823,0.000247708261509,4.58487596391e-17,0.0983894161957,-0.0703804473263
2.6303999424,0.000247241901619,9.54870289069e-17,0.100243949274,-0.0703828760791
2.63359999657,0.000246777935836,2.88471675248e-17,0.102109626511,-0.0703853202671
2.63679981232,0.000246313987338,-3.77902113711e-17,0.103975234248,-0.0703877643639
2.63999986649,0.000245850021593,-1.04429144574e-16,0.105840911664,-0.0703902085521
2.64319992065,0.000245388793069,-1.04626214919e-16,0.107719313918,-0.0703926703487
2.64639997482,0.000244927547362,-1.04823292606e-16,0.10959778615,-0.070395132237
2.64960002899,0.000244466318838,-1.05020362952e-16,0.111476188405,-0.0703975940336
2.65280008316,0.000244007439224,-4.60458527972e-17,0.113365907816,-0.0704000714621
2.65599989891,0.000243548914728,2.13798142945e-17,0.115257163621,-0.0704025510184
2.65919995308,0.00024309037315,8.88079932391e-17,0.117148489883,-0.070405030667
2.66239976883,0.000242633864782,8.03055654979e-17,0.119049430259,-0.0704075235879
2.665599823,0.000242178011479,4.6492356049e-17,0.120953669782,-0.0704100210566
2.66879987717,0.000241722158176,1.26791466e-17,0.122857909306,-0.0704125185254
2.67199993134,0.00024126799214,-2.13827942291e-17,0.124770185649,-0.0704150270756
2.6751999855,0.000240814811351,-5.55959978443e-17,0.126687397862,-0.070417542424
2.67840003967,0.000240361647444,-8.980792694e-17,0.128604538655,-0.0704200576787
2.68160009384,0.000239909795084,-8.9807767625e-17,0.130528267056,-0.0704225819965
2.68479990959,0.000239459287923,-5.55958385294e-17,0.132458439678,-0.0704251151894
2.68799996376,0.00023900876398,-2.13826349141e-17,0.134388684206,-0.0704276484766
2.69119977951,0.000238559247244,1.29810586646e-17,0.136323766128,-0.0704301884184
2.69439983368,0.000238111364569,4.75989882988e-17,0.138267102793,-0.0704327397035
2.69759988785,0.000237663498579,8.22156283364e-17,0.140210367065,-0.0704352908936
2.70079994202,0.000237216272341,1.16935634006e-16,0.142156991724,-0.0704378466928
2.70399999619,0.00023677101545,1.51961873485e-16,0.144113480547,-0.0704404160346
2.70720005035,0.000236325775145,1.86986808157e-16,0.146069896487,-0.0704429852808
2.71040010452,0.000235880844585,2.04549108544e-16,0.148028037018,-0.0704455568872
2.71359992027,0.000235438214572,9.98813951987e-17,0.149997664841,-0.0704481442479
2.71679997444,0.00023499556807,-4.79021740159e-18,0.15196736604,-0.0704507317049
2.71999979019,0.000234552938057,-1.09457930746e-16,0.153936993863,-0.0704533190656
2.72319984436,0.000234112886615,-3.91981028972e-17,0.15591996773,-0.070455924696
2.72639989853,0.000233672851591,3.10607367168e-17,0.15790286785,-0.0704585302295
2.7295999527,0.000233232800173,1.0132219373e-16,0.159885841841,-0.0704611358601
2.73280000687,0.000232795022456,1.10286234335e-16,0.161880408281,-0.0704637573457
2.73600006104,0.000232357550908,1.10494022626e-16,0.163876715678,-0.0704663812079
2.7392001152,0.000231920079361,1.10701810917e-16,0.165873023075,-0.0704690050701
2.74239993095,0.000231484547631,8.41729383983e-17,0.167879301568,-0.0704716425513
2.74559998512,0.000231049640828,4.87311365813e-17,0.169889003186,-0.0704742847029
2.74879980087,0.000230614750227,1.32906550519e-17,0.171898629938,-0.0704769267561
2.75199985504,0.000230181436994,-4.482636917e-17,0.173916741084,-0.0704795803746
2.75519990921,0.000229749096007,-1.16545821235e-16,0.175939822567,-0.0704822407742
2.75839996338,0.000229316738913,-1.88267945111e-16,0.177962979418,-0.0704849012728
2.76160001755,0.000228885665252,-1.70232760833e-16,0.179992818841,-0.0704875708741
2.76480007172,0.000228455842918,-6.24380886902e-17,0.182029492136,-0.0704902497771
2.76799988747,0.000228026036596,4.53525678566e-17,0.184066089561,-0.0704929285804
2.77119994164,0.000227597159211,9.91977860091e-17,0.186107854482,-0.0704956144063
2.7743999958,0.000227169856776,6.31252377426e-17,0.188158105635,-0.0704983117708
2.77759981155,0.000226742570259,2.70540332605e-17,0.190208280411,-0.0705010090348
2.78079986572,0.000226315894131,-9.12519991612e-18,0.192261941574,-0.0705037110291
2.78399991989,0.000225891112646,-4.5623110259e-17,0.194325755311,-0.0705064268108
2.78719997406,0.000225466315337,-8.21223802826e-17,0.196389645932,-0.0705091426936
2.79040002823,0.000225041845129,-1.00318462449e-16,0.198455172177,-0.070511860797
2.7936000824,0.000224619538258,9.60984799127e-18,0.20053276408,-0.0705145952548
2.79679989815,0.000224197247119,1.19534063352e-16,0.202610278587,-0.0705173296108
2.79999995232,0.000223774940259,2.29461348013e-16,0.204687870553,-0.0705200640688
2.80319976807,0.000223355124866,1.19105378919e-16,0.206779147841,-0.0705228170555
2.80639982224,0.000222935293832,8.7452986609e-18,0.208870503037,-0.0705255701447
2.8095998764,0.000222515462798,-1.01614781597e-16,0.210961858233,-0.070528323234
2.81279993057,0.00022209780102,-1.15598111656e-16,0.213065232606,-0.070531092572
2.81599998474,0.000221680431308,-1.15815908223e-16,0.215170413309,-0.0705338643488
2.81920003891,0.000221263077145,-1.16033696676e-16,0.217275515589,-0.0705366360224
2.82240009308,0.000220847542599,-3.21747728537e-17,0.219391112216,-0.0705394218568
2.82559990883,0.000220432635237,7.9705730477e-17,0.221510101901,-0.0705422122732
2.828799963,0.000220017712417,1.91590401766e-16,0.223629170525,-0.0705450027936
2.83199977875,0.000219604325341,1.86837325138e-16,0.225756878979,-0.0705478049591
2.83519983292,0.000219191835068,1.12101490257e-16,0.227889898141,-0.0705506142786
2.83839988708,0.000218779360161,3.73684394556e-17,0.230022837844,-0.0705534234935
2.84159994125,0.000218368079013,0,0.232162863586,-0.0705562422403
2.84479999542,0.000217958007025,0,0.234309896104,-0.0705590704146
2.84800004959,0.000217547950313,0,0.23645684864,-0.0705618984835
2.85120010376,0.000217138779886,-2.85253716192e-17,0.238609159921,-0.0705647337491
2.85439991951,0.000216731127191,-1.04588424626e-16,0.240770188309,-0.0705675807272
2.85759997368,0.00021632345931,-1.8065431126e-16,0.242931297202,-0.0705704278114
2.86079978943,0.000215916404088,-2.18686369069e-16,0.245095860307,-0.0705732795305
2.8639998436,0.000215511126219,-1.42620482435e-16,0.247271108798,-0.0705761455796
2.86719989777,0.000215105863448,-6.65574294278e-17,0.249446276256,-0.070579011522
2.87039995193,0.000214700882586,-4.81046903768e-18,0.251623300167,-0.0705818799486
2.8736000061,0.000214297995727,-4.32918917816e-17,0.253812670118,-0.07058476491
2.87680006027,0.000213895093858,-8.17747480994e-17,0.256002121631,-0.0705876499789
2.88000011444,0.000213492192033,-1.20256170843e-16,0.25819157341,-0.0705905350481
2.88319993019,0.000213091667156,-8.17747480993e-17,0.260395209479,-0.0705934390831
2.88639998436,0.000212691127358,-4.32918917816e-17,0.262598927642,-0.0705963432262
2.88959980011,0.000212290602481,-4.81046903767e-18,0.264802563712,-0.0705992472612
2.89279985428,0.00021189211737,3.40707169584e-17,0.267018821003,-0.0706021681418
2.89599990845,0.000211493940627,7.3007358176e-17,0.269236787019,-0.0706050913047
2.89919996262,0.000211095749051,1.11945449926e-16,0.271454835662,-0.0706080145765
2.90240001678,0.000210699323092,9.24768573423e-17,0.273683597212,-0.0706109521259
2.90560007095,0.000210303465971,5.35387655923e-17,0.275916040369,-0.0706138945805
2.9087998867,0.000209907623597,1.46021243748e-17,0.278148400363,-0.0706168369254
2.91199994087,0.000209513216935,0,0.280389880115,-0.0706197914026
2.91519975662,0.000209119695243,0,0.282636698322,-0.0706227529834
2.91839981079,0.000208726158891,0,0.284883600231,-0.0706257146746
2.92159986496,0.000208333776135,0,0.287137763839,-0.070628686011
2.92479991913,0.00020794256152,0,0.289399104698,-0.0706316668814
2.9279999733,0.00020755133233,0,0.291660529801,-0.0706346478629
2.93120002747,0.000207160977794,1.49487133495e-17,0.293927340888,-0.0706376359869
2.93440008163,0.000206772042241,5.48134958793e-17,0.29620335383,-0.0706406363121
2.93759989738,0.000206383121176,9.46767933553e-17,0.298479281985,-0.0706436365255
2.94079995155,0.000205994755672,1.34659125686e-16,0.300758958117,-0.0706466417
2.9439997673,0.000205608114712,1.74992602662e-16,0.303049538415,-0.0706496613097
2.94719982147,0.000205221459347,2.15327582208e-16,0.305340204047,-0.0706526810319
2.95039987564,0.000204835101693,2.35555448044e-16,0.307632623763,-0.0706557030724
2.95359992981,0.00020445071315,1.1501931991e-16,0.309938007139,-0.0706587422446
2.95679998398,0.000204066324607,-5.51680822458e-18,0.312243390514,-0.0706617814168
2.96000003815,0.000203681950383,-1.26048446114e-16,0.314548688008,-0.0706648204758
2.96320009232,0.000203299815361,-8.57128291635e-17,0.316868854319,-0.0706678791508
2.96639990807,0.000202917694585,-4.53779657258e-17,0.319188934266,-0.0706709377119
2.96959996223,0.000202535559573,-5.04159966668e-18,0.321509100645,-0.0706739963869
2.97279977798,0.000202155399017,-3.57107683222e-17,0.323842172614,-0.0706770720585
2.97599983215,0.000201775504325,-7.65242967234e-17,0.326177187462,-0.070680150289
2.97919988632,0.000201395623785,-1.17336304728e-16,0.328512115326,-0.0706832284047
2.98239994049,0.000201017399458,-1.27720632284e-16,0.330858315622,-0.0706863213409
2.98559999466,0.00020063974602,-1.27961317139e-16,0.333208157069,-0.0706894190638
2.98880004883,0.000200262078513,-1.2820201096e-16,0.335558086056,-0.0706925169021
2.992000103,0.000199885794848,-1.02633165926e-16,0.337917377632,-0.070695627028
2.99519991875,0.000199510355455,-6.1580473067e-17,0.340282198536,-0.0706987444101
2.99839997292,0.000199134902076,-2.05262508445e-17,0.342647107539,-0.0707018619084
3.00159978867,0.000198760563221,0,0.345019451247,-0.0707049891463
3.00479984283,0.000198387310989,0,0.347399406347,-0.0707081263566
3.007999897,0.000198014072661,0,0.349779272788,-0.07071126345
3.01119995117,0.000197641641018,1.56692960464e-17,0.352164895024,-0.0707144080718
3.01440000534,0.000197270590851,5.74525937801e-17,0.354559873289,-0.0707175649282
3.01760005951,0.000196899526861,9.92374480947e-17,0.356954940775,-0.0707207219023
3.02079987526,0.0001965290205,1.20130167111e-16,0.359353713423,-0.0707238837122
3.02399992943,0.000196160131923,7.83453127963e-17,0.361763959789,-0.0707270605017
3.0271999836,0.000195791243347,3.65604584818e-17,0.364174206156,-0.0707302372912
3.03039979935,0.000195422638831,5.28462332813e-18,0.366586268335,-0.0707334164456
3.03359985352,0.000195055912913,4.75637755706e-17,0.369011760283,-0.0707366131018
3.03679990768,0.000194689200658,8.98413528186e-17,0.371437161876,-0.070739809639
3.03999996185,0.000194322474761,1.32119717564e-16,0.373862653966,-0.0707430062955
3.04320001602,0.000193957912405,8.98421403158e-17,0.376303367478,-0.0707462227499
3.04640007019,0.000193593336469,4.75629880733e-17,0.378744171916,-0.0707494393241
3.04959988594,0.000193228774113,5.28541082537e-18,0.381184885428,-0.0707526557785
3.05279994011,0.000192866068354,3.74313625924e-17,0.383639146832,-0.0707558898254
3.05599975586,0.000192503643295,8.02090666818e-17,0.386095239376,-0.0707591262481
3.05919981003,0.000192141204734,1.22988364397e-16,0.388551423419,-0.0707623627913
3.0623998642,0.000191780359814,6.93245777995e-17,0.391019192711,-0.0707656143495
3.06559991837,0.000191420059521,-1.64831081343e-17,0.393490731607,-0.0707688707912
3.06879997253,0.000191059745805,-1.02293990718e-16,0.395962362576,-0.0707721273543
3.0720000267,0.000190700765716,-1.07577459337e-16,0.398443597728,-0.0707753963397
3.07520008087,0.000190342564388,-6.45458744678e-17,0.400930743155,-0.0707786729733
3.07839989662,0.000189984376403,-2.15158926234e-17,0.40341779593,-0.0707819494847
3.08159995079,0.000189627225072,-2.17702144412e-17,0.405912732418,-0.0707852361787
3.08479976654,0.000189271137013,-6.53092240845e-17,0.408415366807,-0.0707885328104
3.08799982071,0.000188915035688,-1.08849855715e-16,0.410918094428,-0.0707918295649
3.09119987488,0.000188559730463,-1.03312486705e-16,0.413426597246,-0.0707951337603
3.09439992905,0.00018820571683,-1.59744462311e-17,0.415944975007,-0.070798450686
3.09759998322,0.000187851703197,7.13635942423e-17,0.418463352768,-0.0708017676117
3.10080003738,0.000187498221598,1.47942719662e-16,0.420985566159,-0.070805089469
3.10400009155,0.000187146283417,1.9225671168e-16,0.423519662213,-0.0708084266161
3.1071999073,0.000186794358347,2.36569052901e-16,0.426053663866,-0.0708117636388
3.11039996147,0.000186442678092,2.75408418255e-16,0.428589733371,-0.0708151033199
3.11359977722,0.00018609281623,2.75928028689e-16,0.43113952109,-0.0708184606132
3.11679983139,0.000185742941334,2.76447658481e-16,0.433689403798,-0.0708218180316
3.11999988556,0.000185393079471,2.76967268915e-16,0.436239191517,-0.0708251753249
3.12319993973,0.000185045255735,1.88337483662e-16,0.438804929227,-0.070828553064
3.1263999939,0.000184697444984,9.97097547164e-17,0.441370571579,-0.0708319306776
3.12960004807,0.000184349621276,1.1078724064e-17,0.443936309511,-0.0708353084171
3.13280010223,0.000184003581839,0,0.446515980971,-0.0708387039809
3.13599991798,0.000183657810176,0,0.449097546732,-0.0708421019645
3.13919997215,0.00018331202563,0,0.451679208665,-0.0708455000746
3.1423997879,0.000182967774332,3.38272498549e-17,0.454272768849,-0.0708489133729
3.14559984207,0.000182624016995,7.89314398269e-17,0.45687042377,-0.0708523319032
3.14879989624,0.000182280272464,1.24033949565e-16,0.459467981922,-0.0708557503061
3.15199995041,0.000181937774695,1.12758269623e-16,0.462075675642,-0.0708591816298
3.15520000458,0.000181596045412,6.7655759885e-17,0.464689295378,-0.0708626205014
3.15840005875,0.000181254303398,2.2551569913e-17,0.467303012481,-0.0708660595012
3.1615998745,0.000180913575817,-2.28177090471e-17,0.469924697597,-0.0708695086317
3.16479992867,0.000180573837311,-6.84554647927e-17,0.472554546287,-0.0708729681501
3.16799998283,0.000180234098804,-1.14093220538e-16,0.475184394976,-0.0708764276685
3.17119979858,0.000179895119845,-1.25501862548e-16,0.477820220986,-0.0708798947706
3.17439985275,0.000179557373101,-7.98641068025e-17,0.480466270873,-0.0708833748567
3.17759990692,0.000179219638939,-3.4228051167e-17,0.483112222189,-0.0708868548131
3.18079996109,0.000178882387227,0,0.485762339925,-0.0708903400533
3.18400001526,0.000178546633076,0,0.488424561654,-0.0708938406255
3.18720006943,0.000178210866417,0,0.491086882559,-0.070897341328
3.19039988518,0.000177919488769,0,0.493679673128,-0.0680646966901
3.19359993935,0.000177938778772,0,0.495786474913,-0.0453761827272
3.1967997551,0.000177958068056,0,0.497893198215,-0.0226885139629
3.19999980927,0.000177977358059,0,0.5,7.21268922197e-17
