avg(density),avg(temperature),avg(velocity (2)),Time
0.9999,0.2,0,0
0.999900102756,0.2,0,1
0.999900328615,0.2,-5.27408504233e-17,2
0.999900676988,0.2,-5.98539047913e-17,3
0.999901147016,0.2,7.6335378923e-18,4
0.999901737622,0.2,7.63353338344e-18,5
0.99990244754,0.2,-4.22446377084e-17,6
0.999903275335,0.2,-6.93956513102e-18,7
0.999904219418,0.2,-2.06451867721e-17,8
0.999905278054,0.2,-6.93955123171e-18,9
0.999906449365,0.2,5.55163448206e-17,10
0.999907731343,0.2,-6.93953420541e-18,11
0.999909121848,0.2,-2.69774017079e-17,12
0.999910618613,0.2,6.24556275058e-17,13
0.999912219251,0.2,1.21441303527e-17,14
0.999913921257,0.2,2.91458632357e-17,15
0.99991572201,0.2,4.85763512446e-17,16
0.999917618782,0.2,4.56269862249e-17,17
0.999919608737,0.2,2.01244101481e-17,18
0.999921688936,0.2,-6.34958516484e-17,19
0.999923856344,0.2,-8.73499781621e-17,20
0.999926107832,0.2,-7.91092360575e-17,21
0.999928440181,0.2,-5.21321710218e-17,22
0.999930850087,0.2,3.85135243735e-17,23
0.999933334168,0.2,-5.23053997837e-17,24
0.999935888963,0.2,-1.15539990889e-16,25
0.999938510943,0.2,-2.77572823847e-17,26
0.999941196512,0.2,1.186620635e-16,27
0.999943942011,0.2,-1.33581195943e-17,28
0.999946743726,0.2,-1.65501433598e-16,29
0.999949597891,0.2,-7.05200636584e-17,30
0.999952500694,0.2,3.57370010879e-17,31
0.999955448279,0.2,7.11268313378e-17,32
0.999958436756,0.2,-2.71495508224e-17,33
0.999961462201,0.2,2.28124928524e-17,34
0.999964520665,0.2,5.96766048598e-17,35
0.999967608177,0.2,1.11719810661e-16,36
0.999970720749,0.2,1.28373295896e-17,37
0.99997385438,0.2,6.96509686282e-17,38
0.999977005067,0.2,2.88838100563e-17,39
0.999980168801,0.2,1.01483335881e-16,40
0.999983341578,0.2,-4.45831360173e-17,41
0.999986519403,0.2,6.9389874456e-19,42
0.999989698294,0.2,2.85364951544e-17,43
0.999992874288,0.2,3.55620846627e-17,44
0.999996043444,0.2,-2.77556854325e-17,45
0.99999920185,0.2,-4.440895643e-17,46
1.00000234563,0.2,-3.48678600801e-17,47
1.00000547093,0.2,9.78378687808e-17,48
1.00000857396,0.2,-2.79288085026e-17,49
1.00001165097,0.2,-1.734703265e-18,50
1.00001469825,0.2,-1.18826811559e-16,51
1.00001771215,0.2,-1.06857073452e-16,52
1.00002068908,0.2,-9.02037545178e-17,53
1.00002362553,0.2,-2.84487928882e-17,54
1.00002651803,0.2,-6.47902037189e-17,55
1.00002936321,0.2,8.1009207638e-17,56
1.00003215774,0.2,1.24462406971e-16,57
1.00003489841,0.2,-3.25249301062e-17,58
1.00003758207,0.2,-9.01154978505e-17,59
1.00004020565,0.2,-4.33663433276e-18,60
1.00004276618,0.2,-2.77543886663e-18,61
1.0000452608,0.2,-2.15095975604e-17,62
1.00004768672,0.2,-4.8569941186e-17,63
1.00005004126,0.2,-6.15796018762e-17,64
1.00005232184,0.2,-1.28189357771e-16,65
1.00005452599,0.2,-1.52820805528e-16,66
1.00005665134,0.2,-4.36258239595e-17,67
1.00005869563,0.2,4.47532388606e-17,68
1.00006065672,0.2,6.17524100459e-17,69
1.00006253259,0.2,-5.37730651863e-18,70
1.00006432131,0.2,-6.93844761387e-19,71
1.00006602109,0.2,7.94450901481e-17,72
1.00006763026,0.2,4.56201421161e-17,73
1.00006914726,0.2,2.9314799706e-17,74
1.00007057065,0.2,-4.85688297933e-17,75
1.00007189914,0.2,1.18820015048e-17,76
1.00007313153,0.2,-3.72938273789e-17,77
1.00007426677,0.2,9.54027059283e-18,78
1.00007530392,0.2,6.24453427562e-18,79
1.00007624218,0.2,-9.01987438019e-17,80
1.00007708087,0.2,-7.00774268001e-17,81
1.00007781945,0.2,-4.49258419236e-17,82
1.00007845748,0.2,-9.28004250772e-17,83
1.00007899467,0.2,-1.17344773538e-16,84
1.00007943086,0.2,-1.188191202e-16,85
1.00007976599,0.2,-3.46917023014e-18,86
1.00008000016,0.2,-4.41451808419e-17,87
1.00008013358,0.2,-5.82820384447e-17,88
1.00008016656,0.2,-1.53510721197e-17,89
1.00008009959,0.2,1.03901613735e-16,90
1.00007993322,0.2,4.50992054507e-18,91
1.00007966816,0.2,5.93228167385e-17,92
1.00007930524,0.2,1.43016608628e-16,93
1.00007884539,0.2,3.03552674568e-17,94
1.00007828965,0.2,-2.02946758058e-17,95
1.00007763921,0.2,1.0754450584e-16,96
1.00007689533,0.2,8.94181193506e-17,97
1.00007605941,0.2,2.70596280858e-17,98
1.00007513295,0.2,-9.1239599736e-17,99
1.00007411754,0.2,-1.21421643844e-17,100
1.0000730149,0.2,-9.54895551922e-17,101
1.00007182682,0.2,1.17345614587e-16,102
1.00007055522,0.2,9.45357594498e-18,103
1.00006920208,0.2,7.90979167645e-17,104
1.00006776949,0.2,-5.05637626442e-17,105
1.00006625964,0.2,1.15351468006e-17,106
1.00006467478,0.2,1.37988328149e-16,107
1.00006301727,0.2,2.15092156501e-16,108
1.00006128952,0.2,-2.06419442293e-17,109
1.00005949403,0.2,1.08066843222e-16,110
1.00005763337,0.2,2.77539760605e-18,111
1.00005571018,0.2,1.32091833835e-16,112
1.00005372718,0.2,9.71392956347e-17,113
1.00005168711,0.2,1.56030311909e-16,114
1.0000495928,0.2,-4.00701251054e-17,115
1.00004744713,0.2,-3.64274646168e-18,116
1.00004525303,0.2,-2.41115651948e-17,117
1.00004301346,0.2,7.89265232545e-17,118
1.00004073143,0.2,-6.02791855327e-17,119
1.00003841,0.2,-6.67842886404e-17,120
1.00003605226,0.2,-1.67134581331e-16,121
1.00003366131,0.2,-9.02025844138e-17,122
1.00003124029,0.2,6.93867713759e-18,123
1.00002879238,0.2,7.02542779892e-17,124
1.00002632074,0.2,-9.62746188972e-17,125
1.00002382858,0.2,4.09384985269e-17,126
1.00002131909,0.2,2.70611093071e-17,127
1.00001879548,0.2,2.32448576798e-17,128
1.00001626097,0.2,-6.93878107261e-18,129
1.00001371876,0.2,9.03778532264e-17,130
1.00001117205,0.2,-5.63778831125e-17,131
1.00000862405,0.2,-7.56332912876e-17,132
1.00000607791,0.2,-1.19608456699e-16,133
1.00000353681,0.2,1.51440823835e-16,134
1.00000100388,0.2,9.24606684503e-17,135
0.99999848223,0.2,1.01915158897e-16,136
0.999995974946,0.2,4.70979319445e-17,137
0.999993485077,0.2,7.32058076164e-17,138
0.999991015634,0.2,0,139
0.99998856959,0.2,-3.66898208966e-17,140
0.999986149873,0.2,1.49795446837e-16,141
0.999983759365,0.2,2.00537290676e-16,142
0.999981400895,0.2,1.26723906871e-16,143
0.999979077241,0.2,-2.41131608299e-17,144
0.999976791123,0.2,-4.22414970177e-17,145
0.999974545199,0.2,-8.96007483034e-17,146
0.999972342067,0.2,-1.70874988433e-17,147
0.999970184257,0.2,1.15362550773e-16,148
0.99996807423,0.2,7.27739731824e-17,149
0.999966014376,0.2,2.63686929913e-17,150
0.99996400701,0.2,1.56998125408e-17,151
0.999962054373,0.2,5.16967212486e-17,152
0.999960158624,0.2,6.93049640704e-17,153
0.99995832184,0.2,1.04001006955e-16,154
0.999956546017,0.2,7.31217719446e-17,155
0.999954833065,0.2,7.56373598603e-17,156
0.999953184804,0.2,8.25767033011e-17,157
0.999951602966,0.2,7.70254501367e-17,158
0.999950089192,0.2,1.2473284344e-16,159
0.999948645031,0.2,4.31968329238e-17,160
0.999947271937,0.2,-7.90208209456e-17,161
0.999945971266,0.2,5.20445161786e-17,162
0.999944744282,0.2,-9.02106054026e-17,163
0.999943592147,0.2,-2.50681682694e-17,164
0.999942515926,0.2,-4.54523678579e-17,165
0.999941516584,0.2,9.76706438104e-17,166
0.999940594985,0.2,1.57608990557e-16,167
0.999939751893,0.2,2.05577117535e-16,168
0.999938987971,0.2,6.07190262502e-19,169
0.999938303778,0.2,7.2949622881e-17,170
0.999937699772,0.2,1.14065174832e-16,171
0.99993717631,0.2,1.65503017118e-16,172
0.999936733647,0.2,9.18594196635e-17,173
0.999936371933,0.2,5.48207499792e-17,174
0.999936091222,0.2,6.47093211476e-17,175
0.999935891461,0.2,8.15372306036e-17,176
0.999935772501,0.2,1.20050575086e-16,177
0.999935734091,0.2,1.42776917761e-16,178
0.999935775881,0.2,7.1735422876e-17,179
0.999935897424,0.2,-1.85627311118e-17,180
0.999936098175,0.2,-3.27883689326e-17,181
0.999936377493,0.2,8.04962906611e-17,182
0.999936734643,0.2,-8.58742449256e-18,183
0.999937168797,0.2,-1.58737171699e-17,184
0.999937679033,0.2,-6.63573084078e-17,185
0.999938264341,0.2,-1.31847123843e-17,186
0.999938923622,0.2,-1.24127045937e-16,187
0.99993965569,0.2,6.23670724593e-17,188
0.999940459274,0.2,5.89841101399e-18,189
0.999941333022,0.2,-1.02788396236e-16,190
0.999942275498,0.2,-8.17101923987e-17,191
0.99994328519,0.2,-1.47459858616e-17,192
0.999944360509,0.2,-1.24820299034e-16,193
0.999945499792,0.2,-1.06517826669e-16,194
0.999946701305,0.2,4.32836576881e-17,195
0.999947963244,0.2,5.29985600642e-17,196
0.999949283741,0.2,-1.03394762964e-16,197
0.99995066086,0.2,1.24819512584e-16,198
0.999952092608,0.2,-9.19447490599e-18,199
0.999953576932,0.2,-3.12264721962e-18,200
0.999955111725,0.2,-6.07180471876e-18,201
0.999956694825,0.2,-1.24038100024e-16,202
0.999958324022,0.2,-2.61693942702e-16,203
0.99995999706,0.2,-6.25392830641e-17,204
0.99996171164,0.2,-1.79637493963e-16,205
0.999963465419,0.2,-4.43238041628e-17,206
0.999965256021,0.2,-1.10679203203e-16,207
0.999967081033,0.2,-1.15449647809e-16,208
0.999968938013,0.2,-1.31235907406e-16,209
0.999970824491,0.2,-3.5302652709e-17,210
0.999972737969,0.2,-9.01213414678e-17,211
0.999974675933,0.2,-3.38279644432e-17,212
0.999976635848,0.2,-7.70235219227e-17,213
0.999978615163,0.2,3.33074030121e-17,214
0.999980611319,0.2,-5.03079562083e-18,215
0.999982621744,0.2,2.3939599997e-17,216
0.999984643866,0.2,-9.74929564648e-17,217
0.999986675108,0.2,-4.25012914865e-17,218
0.999988712895,0.2,3.46948611241e-17,219
0.999990754655,0.2,6.47925208569e-17,220
0.999992797828,0.2,5.72462870049e-17,221
0.99999483986,0.2,-2.37658342559e-17,222
0.999996878215,0.2,-8.43078241234e-17,223
0.999998910371,0.2,7.59809710389e-17,224
1.00000093383,0.2,-6.86949854993e-17,225
1.00000294611,0.2,9.88789468223e-18,226
1.00000494477,0.2,4.85720171501e-17,227
1.00000692737,0.2,1.60634281102e-16,228
1.00000889154,0.2,1.06511074377e-16,229
1.00001083492,0.2,1.27153853088e-16,230
1.00001275518,0.2,-6.41839499333e-18,231
1.00001465006,0.2,9.44543095059e-17,232
1.00001651731,0.2,-7.89286144685e-17,233
1.00001835475,0.2,-4.45815750487e-17,234
1.00002016025,0.2,4.32804781806e-17,235
1.00002193169,0.2,-6.15813328142e-17,236
1.00002366706,0.2,-1.18478809364e-16,237
1.00002536437,0.2,-1.42243717108e-16,238
1.00002702169,0.2,-1.1709067064e-16,239
1.00002863716,0.2,-1.61324663386e-17,240
1.00003020897,0.2,4.03311024554e-17,241
1.00003173538,0.2,1.64880233855e-16,242
1.00003321472,0.2,9.36719564153e-18,243
1.00003464537,0.2,8.6906635234e-17,244
1.0000360258,0.2,5.58560836665e-17,245
1.00003735453,0.2,-1.38772694289e-17,246
1.00003863018,0.2,-1.56726211693e-16,247
1.0000398514,0.2,8.569192477e-17,248
1.00004101696,0.2,-5.27334307048e-17,249
1.00004212567,0.2,5.62026730463e-17,250
1.00004317644,0.2,-7.19011836419e-17,251
1.00004416825,0.2,1.12752045878e-17,252
1.00004510015,0.2,-6.11462448232e-17,253
1.00004597128,0.2,5.93248156404e-17,254
1.00004678086,0.2,-4.57945574568e-17,255
1.00004752819,0.2,-5.31667476195e-17,256
1.00004821264,0.2,-4.77025957215e-17,257
1.00004883367,0.2,2.7927684152e-17,258
1.00004939082,0.2,-1.33914038221e-16,259
1.00004988372,0.2,-6.31407848281e-17,260
1.00005031208,0.2,-7.77117018865e-17,261
1.00005067567,0.2,-2.72337784828e-17,262
1.00005097437,0.2,-1.38770804323e-17,263
1.00005120813,0.2,7.21608013806e-17,264
1.00005137698,0.2,-1.23245770972e-16,265
1.00005148104,0.2,-6.98190255523e-17,266
1.00005152048,0.2,-8.15278030194e-17,267
1.00005149559,0.2,8.32624391986e-18,268
1.00005140671,0.2,-1.70601283811e-16,269
1.00005125428,0.2,-5.5508306193e-17,270
1.00005103879,0.2,-8.2134964518e-17,271
1.00005076084,0.2,3.9549687677e-17,272
1.00005042107,0.2,-8.77725822971e-17,273
1.00005002021,0.2,-6.87783455151e-17,274
1.00004955907,0.2,-1.39378123844e-16,275
1.00004903852,0.2,-1.18042143928e-16,276
1.00004845951,0.2,-2.22033845274e-16,277
1.00004782304,0.2,-7.63241828889e-17,278
1.00004713018,0.2,-1.11017070208e-16,279
1.00004638209,0.2,-1.40592816739e-16,280
1.00004557997,0.2,-1.80403018737e-16,281
1.00004472509,0.2,-6.93858357515e-17,282
1.00004381876,0.2,-1.0876239611e-16,283
1.00004286238,0.2,6.4789144811e-17,284
1.00004185738,0.2,-1.82138341144e-17,285
1.00004080525,0.2,1.2099202534e-16,286
1.00003970754,0.2,-9.62733301397e-17,287
1.00003856584,0.2,-5.16927660093e-17,288
1.00003738179,0.2,-9.02022488296e-17,289
1.00003615707,0.2,-2.63668434872e-17,290
1.0000348934,0.2,-1.51783007922e-16,291
1.00003359256,0.2,-1.04773778329e-16,292
1.00003225635,0.2,1.23161394057e-17,293
1.00003088661,0.2,2.33399834764e-16,294
1.00002948519,0.2,1.15789377949e-16,295
1.00002805402,0.2,3.55608336332e-17,296
1.00002659501,0.2,-1.0477451147e-16,297
1.00002511012,0.2,8.95094837662e-17,298
1.00002360133,0.2,-5.55098411252e-17,299
1.00002207063,0.2,1.97754111704e-17,300
1.00002052003,0.2,-9.71425212871e-17,301
1.00001895157,0.2,9.02039112452e-17,302
1.00001736728,0.2,-5.56836565053e-17,303
1.00001576921,0.2,1.15964435701e-16,304
1.00001415943,0.2,3.64286771863e-18,305
1.00001253998,0.2,-6.42706988314e-17,306
1.00001091295,0.2,1.44847829528e-17,307
1.00000928037,0.2,2.1952721859e-16,308
1.00000764433,0.2,1.58205571633e-16,309
1.00000600687,0.2,1.66532453355e-16,310
1.00000437003,0.2,1.18134152465e-16,311
1.00000273585,0.2,2.49105609635e-16,312
1.00000110635,0.2,1.06425167508e-16,313
0.999999483528,0.2,1.44936221273e-16,314
0.999997869381,0.2,4.72713154375e-17,315
0.99999626587,0.2,1.87350834998e-16,316
0.999994674938,0.2,1.21691499855e-16,317
0.999993098504,0.2,1.88565743224e-16,318
0.999991538457,0.2,-1.33574837899e-17,319
0.999989996657,0.2,6.24506698506e-17,320
0.999988474934,0.2,5.67261114366e-17,321
0.999986975082,0.2,1.04258238861e-16,322
0.999985498859,0.2,-3.46949726362e-17,323
0.999984047986,0.2,1.65928947378e-16,324
0.999982624143,0.2,4.85731013266e-17,325
0.999981228969,0.2,6.87830769517e-17,326
0.999979864059,0.2,-2.17712180075e-17,327
0.999978530961,0.2,4.23281615588e-17,328
0.999977231179,0.2,-4.09404061979e-17,329
0.999975966164,0.2,1.75298020331e-16,330
0.999974737319,0.2,3.32207938113e-17,331
0.999973545996,0.2,1.5404751984e-16,332
0.999972393492,0.2,6.17578606636e-17,333
0.99997128105,0.2,6.33192253348e-17,334
0.999970209856,0.2,-6.24519055864e-17,335
0.999969181041,0.2,-4.94411427899e-18,336
0.999968195674,0.2,-1.03653024304e-16,337
0.999967254769,0.2,1.31062650287e-16,338
0.999966359278,0.2,-5.46456278117e-18,339
0.999965510089,0.2,-5.98500241432e-17,340
0.999964708033,0.2,-1.02265558062e-16,341
0.999963953875,0.2,5.4819237862e-17,342
0.999963248316,0.2,-1.77295255144e-16,343
0.999962591996,0.2,-1.91954333245e-16,344
0.999961985489,0.2,-1.73565681786e-16,345
0.999961429303,0.2,1.22302722358e-17,346
0.999960923882,0.2,-9.78422273395e-17,347
0.999960469606,0.2,-1.69142225167e-17,348
0.999960066787,0.2,-5.21305221923e-17,349
0.999959715674,0.2,-4.02472059742e-17,350
0.999959416447,0.2,-1.58126462169e-16,351
0.999959169223,0.2,-5.20438292693e-18,352
0.999958974054,0.2,-6.16719497211e-17,353
0.999958830925,0.2,8.04944831687e-17,354
0.999958739759,0.2,-6.06310871387e-17,355
0.999958700411,0.2,3.79920131784e-17,356
0.999958712676,0.2,-1.50059776239e-16,357
0.999958776283,0.2,-7.80657745804e-19,358
0.9999588909,0.2,-9.78424262592e-17,359
0.999959056132,0.2,2.18584107652e-17,360
0.999959271524,0.2,7.03459020323e-17,361
0.99995953656,0.2,1.79984843439e-16,362
0.999959850665,0.2,1.00184303071e-16,363
0.999960213206,0.2,1.31063573209e-16,364
0.999960623492,0.2,5.25641911164e-17,365
0.999961080777,0.2,1.17185131556e-16,366
0.99996158426,0.2,5.09160899992e-17,367
0.999962133085,0.2,3.15731628411e-17,368
0.999962726345,0.2,5.98501907566e-18,369
0.999963363083,0.2,6.35799447677e-17,370
0.99996404229,0.2,-1.23256534991e-16,371
0.999964762911,0.2,-6.17583319286e-17,372
0.999965523845,0.2,-5.16965418821e-17,373
0.999966323944,0.2,-7.64171425447e-17,374
0.999967162019,0.2,-9.81885730547e-17,375
0.99996803684,0.2,2.15112586699e-17,376
0.999968947134,0.2,-1.16490298769e-16,377
0.999969891594,0.2,-1.51879613175e-16,378
0.999970868873,0.2,-1.81110406842e-16,379
0.999971877594,0.2,4.68388510725e-17,380
0.999972916345,0.2,-1.39388806453e-16,381
0.999973983684,0.2,-4.45835532324e-17,382
0.999975078139,0.2,-1.07295320988e-16,383
0.999976198215,0.2,2.34193243474e-17,384
0.99997734239,0.2,-1.62460534493e-16,385
0.99997850912,0.2,1.24902774541e-16,386
0.999979696839,0.2,-6.24513130942e-18,387
0.999980903967,0.2,1.41816352291e-16,388
0.999982128902,0.2,-2.46335135868e-17,389
0.999983370032,0.2,1.31147275759e-16,390
0.999984625731,0.2,-2.70621022853e-17,391
0.999985894363,0.2,4.08533141213e-17,392
0.999987174284,0.2,9.02067777173e-17,393
0.999988463844,0.2,1.70698759244e-16,394
0.99998976139,0.2,-9.38495009388e-17,395
0.999991065266,0.2,-2.01229721147e-17,396
0.999992373817,0.2,-7.07772575802e-17,397
0.99999368539,0.2,7.50272641039e-17,398
0.999994998337,0.2,-1.30365121262e-16,399
0.999996311016,0.2,-2.05565490231e-17,400
0.999997621793,0.2,-6.92156313006e-17,401
0.999998929045,0.2,-1.56732433908e-16,402
1.00000023116,0.2,-1.17180543715e-16,403
1.00000152655,0.2,5.03069040075e-18,404
1.00000281362,0.2,-3.4607635973e-17,405
1.00000409082,0.2,-5.32557928525e-17,406
1.00000535661,0.2,-1.61501890511e-16,407
1.00000660946,0.2,8.69090717245e-17,408
1.00000784788,0.2,1.02347881869e-17,409
1.0000090704,0.2,7.06026050785e-17,410
1.00001027557,0.2,-1.20215101606e-16,411
1.00001146198,0.2,6.45309736534e-17,412
1.00001262825,0.2,-5.7765562272e-17,413
1.00001377302,0.2,4.40613694317e-17,414
1.00001489497,0.2,-8.41328354286e-17,415
1.00001599283,0.2,5.23878111454e-17,416
1.00001706533,0.2,-1.719081628e-16,417
1.00001811127,0.2,1.37040672621e-17,418
1.00001912949,0.2,-1.36693595028e-16,419
1.00002011884,0.2,4.44947619757e-17,420
1.00002107825,0.2,-1.56121822063e-18,421
1.00002200666,0.2,1.18132069022e-16,422
1.00002290307,0.2,7.63260848411e-18,423
1.00002376653,0.2,1.21948162077e-16,424
1.00002459612,0.2,-5.07394136796e-17,425
1.00002539098,0.2,1.69998584216e-17,426
1.00002615028,0.2,-6.93003906404e-17,427
1.00002687327,0.2,7.22492911996e-17,428
1.00002755922,0.2,-1.30881279276e-16,429
1.00002820746,0.2,-1.59936993069e-16,430
1.00002881737,0.2,-2.79282431448e-16,431
1.00002938838,0.2,2.16834062096e-17,432
1.00002991997,0.2,-5.74176291212e-17,433
1.00003041167,0.2,-5.55094630955e-17,434
1.00003086308,0.2,-1.18651423808e-16,435
1.00003127383,0.2,9.81822782043e-17,436
1.00003164361,0.2,-4.909112095e-17,437
1.00003197216,0.2,1.11192219755e-16,438
1.00003225927,0.2,5.27338925126e-17,439
1.00003250481,0.2,9.77484905755e-17,440
1.00003270866,0.2,-3.64280014846e-17,441
1.00003287077,0.2,3.29586626668e-17,442
1.00003299117,0.2,3.37392585103e-17,443
1.00003306989,0.2,2.4823072045e-16,444
1.00003310705,0.2,1.60977009097e-16,445
1.00003310281,0.2,1.41635483281e-16,446
1.00003305739,0.2,3.90299879801e-18,447
1.00003297103,0.2,8.5779247657e-17,448
1.00003284405,0.2,-7.54579928586e-17,449
1.00003267682,0.2,-1.03386140838e-16,450
1.00003246973,0.2,-1.62711778839e-16,451
1.00003222325,0.2,2.55863467954e-17,452
1.00003193788,0.2,-9.70546787606e-17,453
1.00003161416,0.2,-9.1677237407e-17,454
1.00003125268,0.2,-1.66007848461e-16,455
1.00003085409,0.2,-2.86220542461e-17,456
1.00003041907,0.2,-6.24481455209e-17,457
1.00002994833,0.2,1.11886313392e-16,458
1.00002944264,0.2,-7.90143279403e-17,459
1.0000289028,0.2,9.29784909732e-17,460
1.00002832966,0.2,-5.47289752137e-17,461
1.00002772409,0.2,-1.74855278675e-16,462
1.00002708701,0.2,-2.24467137648e-16,463
1.00002641936,0.2,2.82752456445e-17,464
1.00002572213,0.2,1.56988436499e-17,465
1.00002499633,0.2,4.09384507219e-17,466
1.00002424301,0.2,-2.10850526853e-16,467
1.00002346325,0.2,-4.4060942477e-17,468
1.00002265813,0.2,-1.38774733702e-16,469
1.0000218288,0.2,-4.99589455644e-17,470
1.0000209764,0.2,-4.92651133131e-17,471
1.00002010211,0.2,3.53876475437e-17,472
1.00001920712,0.2,-1.79713900325e-16,473
1.00001829265,0.2,-5.56836049781e-17,474
1.00001735994,0.2,-1.59591789286e-16,475
1.00001641024,0.2,-8.27449519397e-17,476
1.00001544481,0.2,-9.80103626414e-17,477
1.00001446493,0.2,9.887780787e-18,478
1.0000134719,0.2,-1.41551528672e-16,479
1.00001246701,0.2,6.46176438913e-17,480
1.00001145158,0.2,-1.33658913219e-16,481
1.00001042691,0.2,1.92725768646e-16,482
1.00000939434,0.2,-1.86481021801e-17,483
1.00000835518,0.2,6.14954334177e-17,484
1.00000731077,0.2,-7.36384732013e-17,485
1.00000626242,0.2,1.07725653235e-16,486
1.00000521147,0.2,9.56695011218e-17,487
1.00000415922,0.2,2.51880801083e-16,488
1.00000310701,0.2,-1.88216912352e-17,489
1.00000205613,0.2,5.62916610524e-17,490
1.00000100789,0.2,-4.50160288302e-17,491
0.999999963588,0.2,-1.38777883131e-18,492
0.999998924493,0.2,-1.47451654043e-16,493
0.999997891877,0.2,-8.67363566497e-18,494
0.999996866993,0.2,-8.33537241685e-17,495
0.999995851078,0.2,6.00216812941e-17,496
0.999994845353,0.2,-1.68269044537e-17,497
0.999993851018,0.2,1.67835528318e-16,498
0.999992869255,0.2,-8.88184753119e-17,499
0.999991901224,0.2,1.87264915848e-16,500
0.999990948062,0.2,2.41996115432e-17,501
0.999990010882,0.2,6.24506689623e-17,502
0.999989090771,0.2,-6.50528400255e-17,503
0.99998818879,0.2,1.48320609042e-16,504
0.999987305972,0.2,-8.67372748442e-17,505
0.999986443321,0.2,-1.56127229405e-17,506
0.999985601812,0.2,7.97984288477e-18,507
0.999984782387,0.2,-1.04084992484e-18,508
0.999983985957,0.2,-1.04518763196e-16,509
0.9999832134,0.2,2.59345513188e-17,510
0.999982465559,0.2,-1.65929209953e-16,511
0.999981743244,0.2,1.7208771058e-16,512
0.999981047227,0.2,2.60213453163e-17,513
0.999980378244,0.2,1.19004365527e-16,514
0.999979736996,0.2,-3.46084346166e-17,515
0.999979124143,0.2,6.77423659169e-17,516
0.999978540307,0.2,-1.38000213956e-16,517
0.999977986073,0.2,1.37913552359e-17,518
0.999977461983,0.2,-1.74256900567e-16,519
0.999976968542,0.2,-3.72974137473e-17,520
0.999976506213,0.2,-1.90043421633e-16,521
0.999976075416,0.2,4.07669770184e-17,522
0.999975676533,0.2,-1.54394144763e-17,523
0.999975309903,0.2,1.10591352105e-16,524
0.999974975823,0.2,-5.12623615135e-17,525
0.999974674548,0.2,5.38645280726e-17,526
0.99997440629,0.2,-1.11979266339e-16,527
0.999974171222,0.2,7.12122380139e-17,528
0.999973969471,0.2,-1.20306204693e-16,529
0.999973801125,0.2,-4.44100844793e-17,530
0.999973666227,0.2,-2.14330729594e-16,531
0.999973564781,0.2,4.67520335778e-17,532
0.999973496748,0.2,-5.52524070783e-17,533
0.999973462047,0.2,2.42000347093e-17,534
0.999973460557,0.2,6.68753648338e-17,535
0.999973492117,0.2,1.25684047453e-16,536
0.999973556522,0.2,-1.74084104203e-16,537
0.999973653532,0.2,3.9205783491e-17,538
0.999973782864,0.2,-1.48149268898e-16,539
0.999973944197,0.2,6.9217270203e-17,540
0.999974137173,0.2,-7.65900222989e-17,541
0.999974361395,0.2,7.71971739088e-17,542
0.999974616429,0.2,2.87104022999e-17,543
0.999974901807,0.2,2.42086737012e-16,544
0.999975217021,0.2,-5.36910222049e-17,545
0.999975561534,0.2,1.07815698882e-16,546
0.999975934771,0.2,3.50422575147e-17,547
0.999976336125,0.2,3.22666202064e-17,548
0.999976764957,0.2,-1.51097925524e-16,549
0.999977220599,0.2,5.66400117162e-17,550
0.99997770235,0.2,4.03332201525e-17,551
0.999978209482,0.2,5.27367428306e-17,552
0.999978741237,0.2,-8.24878548725e-17,553
0.999979296832,0.2,6.06298407152e-17,554
0.999979875456,0.2,-1.17096191136e-16,555
0.999980476277,0.2,1.37739733185e-16,556
0.999981098435,0.2,-8.15335444825e-17,557
0.999981741051,0.2,8.96001035379e-17,558
0.999982403224,0.2,-5.39508494639e-17,559
0.999983084032,0.2,2.47202276993e-17,560
0.999983782535,0.2,-2.17711326961e-17,561
0.999984497776,0.2,5.62059119383e-17,562
0.999985228782,0.2,-8.38751190012e-17,563
0.999985974564,0.2,1.80500509274e-16,564
0.999986734121,0.2,-4.84861643651e-17,565
0.999987506439,0.2,-8.24003945833e-18,566
0.999988290492,0.2,-2.16929710811e-16,567
0.999989085247,0.2,1.03997807495e-16,568
0.999989889662,0.2,-1.28370835095e-17,569
0.999990702685,0.2,7.40733811078e-17,570
0.999991523263,0.2,-8.76910150443e-17,571
0.999992350336,0.2,5.28227339197e-17,572
0.999993182842,0.2,-5.76799487895e-17,573
0.999994019718,0.2,1.42161439022e-16,574
0.9999948599,0.2,2.67148788472e-17,575
0.999995702325,0.2,1.09895204497e-16,576
0.999996545933,0.2,-4.81387427328e-17,577
0.999997389667,0.2,-1.57426566381e-16,578
0.999998232477,0.2,-2.93428994604e-16,579
0.999999073318,0.2,-8.82975067509e-17,580
0.999999911152,0.2,-1.92901267668e-16,581
1.00000074495,0.2,2.68881938473e-18,582
1.00000157369,0.2,-1.36522522715e-16,583
1.00000239638,0.2,-6.24498954816e-17,584
1.00000321201,0.2,-5.79395779952e-17,585
1.0000040196,0.2,-4.70108172342e-17,586
1.00000481819,0.2,-1.66532651307e-16,587
1.00000560683,0.2,-6.93885499891e-18,588
1.00000638459,0.2,-1.41465796265e-16,589
1.00000715055,0.2,-1.25159403834e-16,590
1.00000790381,0.2,-3.47809307915e-17,591
1.0000086435,0.2,9.03783119134e-17,592
1.00000936877,0.2,-1.44327641029e-16,593
1.00001007879,0.2,-2.41991485918e-17,594
1.00001077274,0.2,-4.1632914923e-17,595
1.00001144984,0.2,9.86179004501e-17,596
1.00001210934,0.2,-5.23012794669e-17,597
1.00001275049,0.2,9.08983511427e-17,598
1.00001337259,0.2,-1.08939177492e-16,599
1.00001397497,0.2,1.0373501417e-16,600
1.00001455696,0.2,2.09031135997e-17,601
1.00001511795,0.2,3.01837321658e-17,602
1.00001565734,0.2,-1.39556318562e-16,603
1.00001617456,0.2,1.32443995167e-16,604
1.00001666909,0.2,2.98367464355e-17,605
1.00001714041,0.2,1.18999990743e-16,606
1.00001758806,0.2,-9.12448500166e-17,607
1.00001801159,0.2,-5.09999516033e-17,608
1.00001841061,0.2,-1.6219365892e-16,609
1.00001878472,0.2,-4.1806050456e-17,610
1.0000191336,0.2,-7.71937176873e-17,611
1.00001945693,0.2,8.92497863125e-17,612
1.00001975443,0.2,-3.07039989848e-17,613
1.00002002586,0.2,2.09897337218e-17,614
1.00002027102,0.2,-1.24203683144e-16,615
1.00002048973,0.2,6.67854854084e-18,616
1.00002068185,0.2,-2.85356110106e-16,617
1.00002084726,0.2,-1.42764765818e-16,618
1.00002098591,0.2,-1.74509519443e-16,619
1.00002109774,0.2,-1.49183071509e-17,620
1.00002118275,0.2,-2.21346026818e-16,621
1.00002124096,0.2,4.85712256277e-17,622
1.00002127245,0.2,-2.00616502392e-16,623
1.0000212773,0.2,2.01223641718e-17,624
1.00002125563,0.2,-9.02037034143e-17,625
1.00002120761,0.2,1.04948544589e-17,626
1.00002113342,0.2,-1.39468820015e-16,627
1.00002103329,0.2,3.3999865e-17,628
1.00002090748,0.2,-1.39295382806e-16,629
1.00002075625,0.2,1.28540341554e-16,630
1.00002057994,0.2,8.84690765865e-18,631
1.00002037888,0.2,1.47361756217e-16,632
1.00002015344,0.2,-1.51264838598e-16,633
1.00001990404,0.2,7.0254902421e-18,634
1.00001963108,0.2,-1.65576105344e-16,635
1.00001933504,0.2,1.63581260934e-16,636
1.0000190164,0.2,-4.60560324672e-17,637
1.00001867566,0.2,1.047753412e-16,638
1.00001831336,0.2,-6.5050939048e-17,639
1.00001793005,0.2,1.20387650676e-16,640
1.00001752632,0.2,-7.45050674934e-17,641
1.00001710277,0.2,2.46673459484e-16,642
1.00001666003,0.2,-2.77551132146e-18,643
1.00001619874,0.2,1.48403189425e-16,644
1.00001571957,0.2,-2.0903089298e-16,645
1.0000152232,0.2,9.1071596088e-18,646
1.00001471033,0.2,-6.93879183197e-18,647
1.00001418169,0.2,2.10765913313e-17,648
1.00001363802,0.2,-2.12587462709e-16,649
1.00001308006,0.2,-1.33571960521e-17,650
1.00001250858,0.2,-7.70207589134e-17,651
1.00001192435,0.2,1.31837412099e-17,652
1.00001132817,0.2,-1.79541845883e-16,653
1.00001072084,0.2,-1.2819469052e-16,654
1.00001010317,0.2,-2.24297479328e-16,655
1.00000947598,0.2,7.56332268535e-17,656
1.0000088401,0.2,-6.26229638895e-17,657
1.00000819636,0.2,-5.26484259705e-17,658
1.0000075456,0.2,-1.37649269172e-16,659
1.00000688867,0.2,-8.4480451322e-17,660
1.00000622642,0.2,-1.22297243583e-16,661
1.00000555969,0.2,4.26739602552e-17,662
1.00000488933,0.2,-1.16919790621e-16,663
1.00000421621,0.2,2.42860262686e-17,664
1.00000354117,0.2,-1.31925253178e-16,665
1.00000286507,0.2,-4.33679626473e-17,666
1.00000218874,0.2,-3.03489207864e-16,667
1.00000151303,0.2,-2.2828926403e-16,668
1.00000083878,0.2,-2.19962752253e-16,669
1.00000016682,0.2,5.72458651572e-17,670
0.999999497985,0.2,-1.68094789208e-16,671
0.999998833078,0.2,1.3097177527e-17,672
0.999998172913,0.2,-6.38379405534e-17,673
0.999997518288,0.2,1.00093792968e-16,674
0.999996869991,0.2,-9.97469120774e-17,675
0.999996228797,0.2,5.20419005399e-19,676
0.999995595469,0.2,-6.96494543336e-17,677
0.999994970757,0.2,2.01228935243e-16,678
0.999994355395,0.2,6.76545974466e-17,679
0.999993750104,0.2,1.43289054657e-16,680
0.999993155587,0.2,-1.77810373295e-16,681
0.99999257253,0.2,-2.22046254167e-17,682
0.999992001604,0.2,-6.99966521166e-17,683
0.999991443458,0.2,-6.85221636139e-18,684
0.999990898724,0.2,-2.14327036106e-16,685
0.999990368015,0.2,-4.93533582624e-17,686
0.99998985192,0.2,-1.13799014866e-16,687
0.999989351012,0.2,1.02089563712e-16,688
0.999988865837,0.2,-1.34269092015e-16,689
0.999988396922,0.2,5.17820965896e-17,690
0.999987944771,0.2,-5.60322437556e-17,691
0.999987509863,0.2,7.35531940709e-17,692
0.999987092655,0.2,-7.45940722784e-17,693
0.999986693579,0.2,1.65841771064e-16,694
0.999986313041,0.2,-2.41997237105e-17,695
0.999985951424,0.2,6.79153781988e-17,696
0.999985609085,0.2,-1.2776422265e-16,697
0.999985286354,0.2,1.21432430032e-17,698
0.999984983536,0.2,-1.16575168132e-16,699
0.999984700911,0.2,1.53698851424e-16,700
0.999984438729,0.2,-1.42249538614e-17,701
0.999984197216,0.2,6.93900355948e-18,702
0.999983976571,0.2,-2.83631833077e-17,703
0.999983776965,0.2,-3.92053865874e-17,704
0.999983598544,0.2,-1.86572569903e-16,705
0.999983441423,0.2,1.09636339103e-16,706
0.999983305695,0.2,-2.1077242103e-17,707
0.999983191421,0.2,6.08030798464e-17,708
0.999983098638,0.2,-4.69250631226e-17,709
0.999983027356,0.2,1.99496585722e-18,710
0.999982977557,0.2,-8.75182891381e-17,711
0.999982949197,0.2,8.43957361214e-17,712
0.999982942205,0.2,-5.29967061981e-17,713
0.999982956484,0.2,2.65590690771e-16,714
0.999982991912,0.2,-1.0573319418e-16,715
0.999983048339,0.2,-8.17935984296e-17,716
0.999983125592,0.2,-7.32065660037e-17,717
0.999983223472,0.2,6.93901031641e-17,718
0.999983341755,0.2,-2.24303481946e-16,719
0.999983480193,0.2,1.12758888694e-17,720
0.999983638514,0.2,-1.04952487475e-16,721
0.999983816421,0.2,1.45719130239e-16,722
0.999984013599,0.2,-5.61192015919e-17,723
0.999984229704,0.2,7.63290366745e-17,724
0.999984464375,0.2,-8.17934826052e-17,725
0.999984717228,0.2,1.35483974044e-16,726
0.999984987859,0.2,-1.65408366568e-16,727
0.999985275841,0.2,6.94766981988e-17,728
0.999985580732,0.2,-3.64297182854e-17,729
0.999985902067,0.2,6.73082197747e-17,730
0.999986239366,0.2,-1.1796281961e-16,731
0.999986592129,0.2,4.08532856148e-17,732
0.999986959841,0.2,-1.07727732645e-16,733
0.99998734197,0.2,-3.03580451026e-18,734
0.999987737969,0.2,-1.54392282525e-16,735
0.999988147276,0.2,-1.31840546844e-17,736
0.999988569316,0.2,-2.18317444969e-16,737
0.999989003501,0.2,-1.02696759083e-16,738
0.999989449229,0.2,-2.6073168936e-16,739
0.999989905889,0.2,-6.51395240485e-17,740
0.999990372859,0.2,-6.47925455947e-17,741
0.999990849504,0.2,1.35309669277e-16,742
0.999991335185,0.2,-1.4407003302e-16,743
0.999991829252,0.2,-5.438402533e-17,744
0.999992331048,0.2,-1.73473677959e-16,745
0.99999283991,0.2,-1.76596114299e-16,746
0.999993355169,0.2,-3.38013115334e-16,747
0.999993876153,0.2,3.24395276555e-17,748
0.999994402184,0.2,-1.48319687462e-16,749
0.999994932582,0.2,-2.74087698121e-17,750
0.999995466666,0.2,-1.8735098473e-16,751
0.999996003751,0.2,6.33176599063e-17,752
0.999996543155,0.2,6.21033151215e-17,753
0.999997084195,0.2,4.94397632221e-17,754
0.999997626187,0.2,-2.06085638155e-16,755
0.999998168454,0.2,-9.50630205958e-17,756
0.999998710318,0.2,-9.41956062279e-17,757
0.999999251106,0.2,7.27717043155e-17,758
0.999999790151,0.2,-1.94375806273e-16,759
1.00000032679,0.2,-4.64905739635e-17,760
1.00000086037,0.2,-1.46584007604e-16,761
1.00000139023,0.2,1.41726710954e-16,762
1.00000191575,0.2,-2.15105298934e-17,763
1.00000243627,0.2,8.67359624865e-18,764
1.00000295119,0.2,-1.06338235253e-16,765
1.00000345988,0.2,8.89910064191e-17,766
1.00000396175,0.2,1.13623937526e-17,767
1.00000445621,0.2,1.06858489937e-16,768
1.00000494267,0.2,-4.78781312914e-17,769
1.00000542056,0.2,1.03562430149e-16,770
1.00000588934,0.2,4.16331182317e-18,771
1.00000634848,0.2,6.50517173699e-17,772
1.00000679743,0.2,-9.02050075887e-17,773
1.0000072357,0.2,-3.36533919282e-17,774
1.00000766279,0.2,-1.97843696401e-16,775
1.00000807822,0.2,-1.04082567756e-16,776
1.00000848155,0.2,-2.5855834112e-16,777
1.00000887231,0.2,-3.38268076595e-18,778
1.0000092501,0.2,-4.74442482039e-17,779
1.0000096145,0.2,1.11368176408e-16,780
1.00000996513,0.2,-8.93373687547e-17,781
1.00001030161,0.2,-5.75922261099e-17,782
1.0000106236,0.2,-1.73036828454e-16,783
1.00001093077,0.2,-9.97455095732e-18,784
1.00001122282,0.2,-5.39492946399e-17,785
1.00001149944,0.2,1.97582731823e-16,786
1.00001176038,0.2,-4.74441291071e-17,787
1.00001200538,0.2,-6.24492954075e-18,788
1.00001223423,0.2,-1.01393346702e-16,789
1.00001244671,0.2,9.46279878075e-17,790
1.00001264264,0.2,-1.10153548093e-16,791
1.00001282187,0.2,-1.03214723415e-17,792
1.00001298424,0.2,-7.71941923731e-18,793
1.00001312964,0.2,1.71735369298e-16,794
1.00001325798,0.2,-8.16176574593e-17,795
1.00001336918,0.2,5.63777592449e-17,796
1.00001346318,0.2,-8.52605109665e-17,797
1.00001353996,0.2,-4.16327997171e-17,798
1.0000135995,0.2,-1.03388113142e-16,799
1.00001364181,0.2,5.5510393969e-17,800
1.00001366693,0.2,-1.38082101529e-16,801
1.00001367491,0.2,5.78522367995e-17,802
1.00001366583,0.2,-6.25359267036e-17,803
1.00001363978,0.2,1.80061840803e-16,804
1.00001359688,0.2,-3.11378630161e-17,805
1.00001353726,0.2,7.87553796773e-17,806
1.00001346108,0.2,6.41839046262e-18,807
1.00001336853,0.2,1.50832189832e-16,808
1.00001325979,0.2,-1.81276199556e-17,809
1.00001313507,0.2,8.85564702528e-17,810
1.00001299463,0.2,-1.79801751828e-16,811
1.0000128387,0.2,7.82350243305e-17,812
1.00001266756,0.2,6.93880600616e-19,813
1.0000124815,0.2,1.74857943889e-16,814
1.00001228082,0.2,-6.89544113534e-17,815
1.00001206584,0.2,9.02912674842e-17,816
1.00001183691,0.2,-1.93592848378e-16,817
1.00001159438,0.2,7.47657149527e-17,818
1.00001133861,0.2,-1.83184722003e-16,819
1.00001106999,0.2,-1.11888425597e-17,820
1.00001078892,0.2,-2.0885845315e-16,821
1.00001049581,0.2,-4.3367631721e-17,822
1.00001019109,0.2,-1.58899051046e-16,823
1.00000987518,0.2,9.36741426536e-17,824
1.00000954855,0.2,-9.02047594264e-17,825
1.00000921164,0.2,8.46537258278e-17,826
1.00000886494,0.2,-4.59697645943e-17,827
1.00000850891,0.2,2.47716404572e-16,828
1.00000814406,0.2,5.41229316702e-17,829
1.00000777087,0.2,1.6028720361e-16,830
1.00000738985,0.2,-7.37252029107e-17,831
1.00000700152,0.2,1.21082850859e-16,832
1.0000066064,0.2,-1.10154213002e-16,833
1.000006205,0.2,2.10333916339e-16,834
1.00000579787,0.2,-1.50920067395e-16,835
1.00000538554,0.2,1.09633933244e-16,836
1.00000496854,0.2,-4.28474569674e-17,837
1.00000454742,0.2,8.77766087275e-17,838
1.00000412272,0.2,-1.47711095008e-16,839
1.00000369499,0.2,2.39390955137e-17,840
1.00000326478,0.2,-9.66237821567e-17,841
1.00000283263,0.2,1.58466540653e-16,842
1.00000239909,0.2,-1.29583532772e-16,843
1.00000196472,0.2,-4.12863376123e-17,844
1.00000153004,0.2,-2.91780042224e-16,845
1.00000109561,0.2,5.55110904126e-18,846
1.00000066197,0.2,-9.08994499686e-17,847
1.00000022965,0.2,1.36522706207e-16,848
0.999999799177,0.2,-9.71445341636e-17,849
0.999999371087,0.2,-1.38777965357e-17,850
0.999998945898,0.2,-1.38951496895e-16,851
0.999998524125,0.2,7.57207914808e-17,852
0.999998106275,0.2,-2.46764881762e-16,853
0.99999769285,0.2,-1.78937139382e-16,854
0.999997284342,0.2,-2.39392489793e-16,855
0.999996881236,0.2,-7.83230092113e-17,856
0.999996484007,0.2,-2.6168395643e-16,857
0.999996093119,0.2,4.01590053653e-17,858
0.999995709028,0.2,-1.27155776411e-16,859
0.99999533218,0.2,-7.80629208026e-19,860
0.999994963006,0.2,-2.22566143032e-16,861
0.999994601929,0.2,2.45464696887e-17,862
0.999994249358,0.2,-1.32707109063e-16,863
0.99999390569,0.2,2.67149043389e-17,864
0.999993571309,0.2,-4.75317288086e-17,865
0.999993246585,0.2,4.74450074838e-17,866
0.999992931874,0.2,-2.32628062373e-16,867
0.99999262752,0.2,-9.43696528315e-17,868
0.999992333849,0.2,-2.30980201556e-16,869
0.999992051174,0.2,9.74054974355e-17,870
0.999991779793,0.2,-6.07158207558e-19,871
0.999991519987,0.2,1.42942426574e-16,872
0.999991272024,0.2,-6.01086930698e-17,873
0.999991036153,0.2,9.78392810615e-17,874
0.999990812608,0.2,-1.04864997559e-16,875
0.999990601606,0.2,1.0191596206e-16,876
0.999990403348,0.2,-8.68237431899e-17,877
0.999990218018,0.2,4.41491443297e-17,878
0.999990045783,0.2,-1.14319415027e-16,879
0.999989886792,0.2,1.21258397282e-16,880
0.999989741177,0.2,-1.84489734318e-16,881
0.999989609055,0.2,8.41349628266e-17,882
0.999989490523,0.2,2.20312196815e-17,883
0.99998938566,0.2,1.0764073422e-16,884
0.999989294531,0.2,-7.97981341714e-17,885
0.99998921718,0.2,1.74862011884e-16,886
0.999989153636,0.2,-4.58839336134e-17,887
0.99998910391,0.2,6.92162208777e-17,888
0.999989067995,0.2,-2.11638577703e-17,889
0.999989045868,0.2,2.44772163727e-16,890
0.999989037487,0.2,-2.41129206543e-17,891
0.999989042797,0.2,1.33228222764e-16,892
0.999989061721,0.2,-1.65581166955e-16,893
0.99998909417,0.2,5.95884012608e-17,894
0.999989140037,0.2,-7.58082391749e-17,895
0.999989199197,0.2,1.71999690378e-16,896
0.999989271511,0.2,-5.32565820752e-17,897
0.999989356824,0.2,1.84056119743e-16,898
0.999989454967,0.2,8.84718302132e-17,899
0.999989565752,0.2,2.11118049884e-16,900
0.99998968898,0.2,4.2067478051e-17,901
0.999989824436,0.2,3.16243307624e-16,902
0.999989971891,0.2,-2.42863722101e-18,903
0.999990131101,0.2,1.66535097212e-16,904
0.999990301811,0.2,4.20674522705e-17,905
0.999990483751,0.2,9.78393351086e-17,906
0.999990676639,0.2,-2.45292186451e-16,907
0.99999088018,0.2,3.88581602413e-17,908
0.999991094069,0.2,3.60825696492e-17,909
0.999991317989,0.2,2.47286978449e-16,910
0.999991551609,0.2,-9.99209163872e-17,911
0.999991794593,0.2,3.53019124027e-17,912
0.999992046591,0.2,-9.02063381987e-17,913
0.999992307244,0.2,1.57167155972e-16,914
0.999992576186,0.2,-6.23637719384e-17,915
0.99999285304,0.2,1.72606219469e-17,916
0.999993137423,0.2,-1.18048742659e-16,917
0.999993428943,0.2,1.04084092501e-16,918
0.999993727203,0.2,-9.71451240264e-18,919
0.999994031796,0.2,1.17961900387e-16,920
0.999994342314,0.2,-1.84315412121e-16,921
0.999994658339,0.2,-5.72461804969e-17,922
0.999994979452,0.2,-3.14853891629e-17,923
0.999995305226,0.2,1.68268967154e-16,924
0.999995635235,0.2,-1.1934949608e-16,925
0.999995969044,0.2,1.03476672452e-16,926
0.999996306222,0.2,-1.03389901068e-16,927
0.999996646329,0.2,2.09902244536e-17,928
0.99999698893,0.2,-1.79024001775e-16,929
0.999997333585,0.2,-2.78423860288e-17,930
0.999997679854,0.2,-3.34455462154e-16,931
0.999998027298,0.2,4.26742816927e-17,932
0.99999837548,0.2,-1.77289027254e-16,933
0.999998723961,0.2,6.24501248239e-18,934
0.999999072307,0.2,-5.08274449984e-17,935
0.999999420085,0.2,1.78850094091e-16,936
0.999999766863,0.2,-4.18068455178e-17,937
1.00000011222,0.2,1.47451478912e-16,938
1.00000045572,0.2,8.76034956141e-18,939
1.00000079696,0.2,4.12863858247e-17,940
1.00000113552,0.2,-2.04176721277e-16,941
1.00000147098,0.2,-3.25260173294e-17,942
1.00000180296,0.2,-1.9983978413e-16,943
1.00000213105,0.2,-7.04296230358e-17,944
1.00000245486,0.2,-1.69482067548e-16,945
1.00000277401,0.2,1.59420645207e-16,946
1.00000308813,0.2,-9.08124935263e-17,947
1.00000339685,0.2,1.30103818754e-16,948
1.00000369982,0.2,1.5265510109e-17,949
1.00000399668,0.2,1.45022302984e-16,950
1.00000428709,0.2,1.17093332639e-16,951
1.00000457073,0.2,2.26553850446e-16,952
1.00000484728,0.2,6.88681881732e-17,953
1.00000511642,0.2,2.35227299822e-16,954
1.00000537786,0.2,3.75565612811e-17,955
1.00000563131,0.2,7.04293765153e-17,956
1.00000587649,0.2,6.29700921348e-17,957
1.00000611315,0.2,1.80670345559e-16,958
1.00000634102,0.2,-8.45672332115e-17,959
1.00000655987,0.2,1.14144055949e-16,960
1.00000676947,0.2,4.09391968964e-17,961
1.0000069696,0.2,4.04881637428e-16,962
1.00000716007,0.2,3.71228165839e-17,963
1.00000734068,0.2,2.59165784857e-16,964
1.00000751126,0.2,-6.76537073985e-18,965
1.00000767164,0.2,1.53521849859e-16,966
1.00000782168,0.2,-3.2959488245e-18,967
1.00000796124,0.2,1.85353727763e-16,968
1.00000809019,0.2,-6.48781331251e-17,969
1.00000820843,0.2,2.60379856433e-16,970
1.00000831587,0.2,3.36533555769e-17,971
1.00000841243,0.2,1.88042442902e-16,972
1.00000849803,0.2,-7.97966017808e-17,973
1.00000857263,0.2,1.05817224902e-16,974
1.00000863619,0.2,-1.18133648489e-16,975
1.00000868868,0.2,1.3808278893e-16,976
1.0000087301,0.2,-3.27859874711e-17,977
1.00000876044,0.2,6.83475061994e-17,978
1.00000877972,0.2,-1.19781604367e-16,979
1.00000878798,0.2,2.77553317023e-16,980
1.00000878526,0.2,-5.72453717918e-17,981
1.00000877161,0.2,1.74164709283e-16,982
1.00000874711,0.2,-3.69492868387e-17,983
1.00000871185,0.2,1.17960168716e-16,984
1.00000866591,0.2,-7.87557633193e-17,985
1.00000860941,0.2,1.81016836271e-16,986
1.00000854247,0.2,4.07656534462e-18,987
1.00000846522,0.2,1.66358573083e-16,988
1.00000837783,0.2,-1.09807076085e-16,989
1.00000828043,0.2,1.63062656513e-17,990
1.00000817321,0.2,-5.55106975309e-17,991
1.00000805634,0.2,1.06337692385e-16,992
1.00000793002,0.2,-1.2420521593e-16,993
1.00000779445,0.2,1.04342803785e-16,994
1.00000764986,0.2,-1.7685370547e-16,995
1.00000749645,0.2,1.78675178596e-17,996
1.00000733447,0.2,-2.41992150015e-16,997
1.00000716416,0.2,-1.48664736833e-16,998
1.00000698577,0.2,-2.40951407581e-16,999
1.00000679958,0.2,5.81128413026e-17,1000
1.00000660583,0.2,-2.0495622478e-16,1001
1.00000640483,0.2,-3.12248225781e-17,1002
1.00000619684,0.2,-1.17440051567e-16,1003
1.00000598217,0.2,-4.28474135363e-17,1004
1.00000576111,0.2,-8.32662471409e-17,1005
1.00000553397,0.2,-3.89443265188e-17,1006
1.00000530107,0.2,-1.9029815653e-16,1007
1.00000506273,0.2,2.18574051392e-17,1008
1.00000481926,0.2,-7.80621802174e-17,1009
1.00000457099,0.2,1.68093936466e-16,1010
1.00000431826,0.2,-7.35519577648e-17,1011
1.00000406141,0.2,-1.38777314447e-18,1012
1.00000380077,0.2,-1.03822805431e-16,1013
1.00000353669,0.2,-2.01227211535e-17,1014
1.00000326951,0.2,-1.05817786062e-16,1015
1.00000299959,0.2,3.88576893048e-17,1016
1.00000272727,0.2,-2.01227374413e-16,1017
1.0000024529,0.2,8.03174999273e-17,1018
1.00000217683,0.2,-7.30316993612e-17,1019
1.00000189942,0.2,-4.33680045255e-18,1020
1.00000162101,0.2,-1.72778178132e-16,1021
1.00000134197,0.2,7.02562064954e-17,1022
1.00000106264,0.2,-9.86189248134e-17,1023
1.00000078336,0.2,3.26995119067e-17,1024
1.00000050449,0.2,-2.24126160026e-16,1025
1.00000022637,0.2,-1.15445821192e-16,1026
0.999999949352,0.2,-3.06438917552e-16,1027
0.999999673763,0.2,-1.27328744676e-16,1028
0.999999399944,0.2,-2.10248611449e-16,1029
0.999999128226,0.2,5.55111996245e-17,1030
0.999998858938,0.2,-8.13586238586e-17,1031
0.999998592402,0.2,1.40773008227e-16,1032
0.999998328937,0.2,-6.14093136684e-17,1033
0.999998068856,0.2,1.00007001518e-16,1034
0.999997812466,0.2,-6.85217271947e-18,1035
0.999997560068,0.2,1.42681354032e-16,1036
0.999997311955,0.2,-3.04444788395e-17,1037
0.999997068417,0.2,1.28196440693e-16,1038
0.999996829733,0.2,-1.85702736831e-16,1039
0.999996596176,0.2,-7.99710244498e-17,1040
0.999996368012,0.2,-1.60202294859e-16,1041
0.999996145499,0.2,-4.20672064405e-17,1042
0.999995928884,0.2,-2.49194041822e-16,1043
0.99999571841,0.2,1.97759322986e-17,1044
0.999995514307,0.2,-2.51015612953e-16,1045
0.999995316798,0.2,4.45826021219e-17,1046
0.999995126096,0.2,-9.77521443059e-17,1047
0.999994942405,0.2,-6.67871916077e-17,1048
0.99999476592,0.2,-2.41041088615e-16,1049
0.999994596823,0.2,1.12584161903e-16,1050
0.99999443529,0.2,-1.24553838681e-16,1051
0.999994281483,0.2,1.51702435487e-16,1052
0.999994135557,0.2,-7.65017539308e-17,1053
0.999993997653,0.2,4.03325629065e-17,1054
0.999993867904,0.2,-1.92642223308e-16,1055
0.999993746431,0.2,8.4308088159e-17,1056
0.999993633344,0.2,5.53380312019e-17,1057
0.999993528743,0.2,2.32020766378e-16,1058
0.999993432715,0.2,-1.91688202966e-17,1059
0.999993345339,0.2,8.80378022676e-17,1060
0.999993266679,0.2,-5.9067732079e-17,1061
0.999993196792,0.2,1.25421360581e-16,1062
0.999993135719,0.2,-1.98020044048e-16,1063
0.999993083495,0.2,4.24142823462e-17,1064
0.99999304014,0.2,-6.86955277599e-17,1065
0.999993005664,0.2,3.356713404e-17,1066
0.999992980067,0.2,-9.67982494768e-17,1067
0.999992963335,0.2,1.24293811668e-16,1068
0.999992955447,0.2,-1.70264308603e-16,1069
0.999992956368,0.2,-5.49911215257e-17,1070
0.999992966054,0.2,-1.73473567801e-16,1071
0.999992984449,0.2,1.24727492955e-16,1072
0.999993011487,0.2,-1.84922814875e-16,1073
0.999993047092,0.2,-1.28717376878e-16,1074
0.999993091178,0.2,-2.31760657584e-16,1075
0.999993143646,0.2,-6.23637365492e-17,1076
0.999993204391,0.2,-1.2923777721e-16,1077
0.999993273296,0.2,8.0404973972e-17,1078
0.999993350235,0.2,-1.17961980786e-16,1079
0.999993435072,0.2,7.97110670185e-17,1080
0.999993527663,0.2,-2.04091537898e-16,1081
0.999993627854,0.2,1.41988021277e-16,1082
0.999993735482,0.2,-8.87316616573e-17,1083
0.999993850378,0.2,1.06599413145e-16,1084
0.999993972361,0.2,-1.18829274364e-17,1085
0.999994101246,0.2,1.72259057278e-16,1086
0.999994236836,0.2,-1.00527804791e-16,1087
0.999994378931,0.2,-2.16841653379e-17,1088
0.999994527322,0.2,-3.710593822e-16,1089
0.999994681792,0.2,1.12757625607e-17,1090
0.999994842119,0.2,-2.15887450107e-16,1091
0.999995008074,0.2,-4.59704015942e-18,1092
0.999995179424,0.2,-1.02782861424e-16,1093
0.999995355927,0.2,1.24987406895e-16,1094
0.999995537339,0.2,-2.51622763097e-16,1095
0.99999572341,0.2,5.47307597281e-17,1096
0.999995913884,0.2,-5.13480247029e-17,1097
0.999996108504,0.2,-1.66534101761e-17,1098
0.999996307006,0.2,-2.2863739849e-16,1099
0.999996509123,0.2,1.12670683084e-16,1100
0.999996714587,0.2,-6.38380336503e-17,1101
0.999996923125,0.2,1.5777358559e-16,1102
0.999997134461,0.2,-7.81495165332e-17,1103
0.99999734832,0.2,1.18655400393e-16,1104
0.999997564422,0.2,-6.54859707143e-17,1105
0.999997782487,0.2,9.19405481061e-18,1106
0.999998002234,0.2,-1.24206449015e-16,1107
0.999998223382,0.2,1.80498298352e-16,1108
0.999998445647,0.2,-4.20671096796e-17,1109
0.999998668747,0.2,1.09634669633e-16,1110
0.999998892401,0.2,-1.92294310297e-16,1111
0.999999116328,0.2,1.07726423053e-16,1112
0.999999340246,0.2,-9.71445787462e-17,1113
0.999999563879,0.2,1.60635463932e-16,1114
0.999999786947,0.2,4.46691390233e-17,1115
1.00000000918,0.2,2.22911964617e-16,1116
1.0000002303,0.2,-7.97972615179e-18,1117
1.00000045004,0.2,5.62050153274e-17,1118
1.00000066813,0.2,-3.29597240223e-18,1119
1.00000088431,0.2,1.6913538934e-16,1120
1.00000109832,0.2,-7.40726110691e-17,1121
1.0000013099,0.2,1.8899787514e-16,1122
1.0000015188,0.2,-1.98625536326e-17,1123
1.00000172478,0.2,1.22471266167e-16,1124
1.0000019276,0.2,1.77808813544e-17,1125
1.00000212701,0.2,2.16146085362e-16,1126
1.00000232278,0.2,-4.78782567261e-17,1127
1.0000025147,0.2,1.01654540062e-16,1128
1.00000270253,0.2,-9.36748145433e-17,1129
1.00000288607,0.2,1.39471364944e-16,1130
1.00000306511,0.2,-6.17559664557e-17,1131
1.00000323945,0.2,8.91644978212e-17,1132
1.00000340889,0.2,-1.17266907226e-16,1133
1.00000357325,0.2,9.02052984246e-17,1134
1.00000373235,0.2,-1.40772284664e-16,1135
1.00000388601,0.2,1.84920803935e-16,1136
1.00000403408,0.2,7.6327525032e-18,1137
1.00000417638,0.2,1.20736249687e-16,1138
1.00000431279,0.2,-1.23858722008e-16,1139
1.00000444315,0.2,4.05923489799e-17,1140
1.00000456734,0.2,-1.66445957305e-16,1141
1.00000468522,0.2,6.31436386838e-17,1142
1.00000479669,0.2,-1.37389440283e-16,1143
1.00000490163,0.2,9.12460075823e-17,1144
1.00000499995,0.2,-8.18785386774e-17,1145
1.00000509156,0.2,2.21696531448e-16,1146
1.00000517638,0.2,-2.13543354511e-16,1147
1.00000525433,0.2,9.69705327915e-17,1148
1.00000532536,0.2,-1.03909382856e-16,1149
1.00000538941,0.2,1.88476689887e-16,1150
1.00000544643,0.2,-2.95768741772e-17,1151
1.00000549638,0.2,2.32798610926e-16,1152
1.00000553925,0.2,-8.71693718151e-17,1153
1.00000557501,0.2,1.04082828296e-16,1154
1.00000560364,0.2,-8.95112297712e-17,1155
1.00000562517,0.2,1.80410226664e-16,1156
1.00000563958,0.2,-1.52307862239e-16,1157
1.0000056469,0.2,2.39043545135e-16,1158
1.00000564715,0.2,1.28368812304e-17,1159
1.00000564037,0.2,1.36088289102e-16,1160
1.00000562661,0.2,-9.64500825776e-17,1161
1.0000056059,0.2,1.52047660305e-16,1162
1.00000557832,0.2,-8.25723768411e-17,1163
1.00000554394,0.2,8.67356929418e-17,1164
1.00000550281,0.2,-1.98798216397e-16,1165
1.00000545505,0.2,4.38882645297e-17,1166
1.00000540072,0.2,-1.4571598501e-16,1167
1.00000533995,0.2,1.27848437476e-16,1168
1.00000527282,0.2,-1.20215703009e-16,1169
1.00000519947,0.2,1.16919754361e-16,1170
1.00000512,0.2,-2.92646352048e-16,1171
1.00000503455,0.2,9.52358393613e-17,1172
1.00000494326,0.2,-1.12062582594e-16,1173
1.00000484626,0.2,4.5623006317e-17,1174
1.00000474372,0.2,-2.58646043325e-16,1175
1.00000463577,0.2,9.2373596873e-17,1176
1.00000452259,0.2,-1.53522333306e-16,1177
1.00000440433,0.2,1.09113626066e-16,1178
1.00000428118,0.2,-1.11021827158e-16,1179
1.00000415331,0.2,9.61032814225e-17,1180
1.0000040209,0.2,-1.75900253187e-16,1181
1.00000388414,0.2,9.60165714537e-17,1182
1.00000374322,0.2,-1.68701226553e-16,1183
1.00000359834,0.2,1.70175760644e-16,1184
1.00000344969,0.2,-1.6072157561e-16,1185
1.00000329749,0.2,-1.45716291485e-17,1186
1.00000314193,0.2,-2.45289128822e-16,1187
1.00000298323,0.2,9.71442248509e-17,1188
1.00000282161,0.2,-1.11542404777e-16,1189
1.00000265727,0.2,4.22404043961e-17,1190
1.00000249043,0.2,-2.52922052912e-16,1191
1.00000232132,0.2,-1.30103958685e-17,1192
1.00000215016,0.2,-1.72864822694e-16,1193
1.00000197717,0.2,1.24899843323e-16,1194
1.00000180257,0.2,-1.88043685834e-16,1195
1.00000162659,0.2,-3.4694413086e-18,1196
1.00000144946,0.2,-7.71950827901e-17,1197
1.0000012714,0.2,1.03389387719e-16,1198
1.00000109263,0.2,-2.1059519988e-16,1199
1.00000091339,0.2,1.83360103931e-16,1200
1.00000073391,0.2,4.38017356221e-17,1201
1.00000055439,0.2,2.19962814808e-16,1202
1.00000037508,0.2,-1.30711364888e-16,1203
1.00000019618,0.2,-9.97465803005e-18,1204
1.00000001792,0.2,-2.17794528505e-16,1205
0.999999840528,0.2,-4.31078852525e-17,1206
0.999999664208,0.2,-1.04083443509e-16,1207
0.999999489179,0.2,7.25114783362e-17,1208
0.999999315652,0.2,-1.24900175746e-16,1209
0.999999143835,0.2,1.62890673856e-16,1210
0.999998973934,0.2,-6.02817026432e-17,1211
0.999998806151,0.2,1.38778043758e-16,1212
0.999998640684,0.2,-1.82232948863e-16,1213
0.999998477729,0.2,3.83374471791e-17,1214
0.999998317474,0.2,-3.4694527894e-17,1215
0.999998160107,0.2,4.04191313571e-17,1216
0.999998005809,0.2,-1.23946239531e-16,1217
0.999997854757,0.2,8.61292053503e-17,1218
0.999997707123,0.2,1.73472745349e-17,1219
0.999997563074,0.2,2.14932762449e-16,1220
0.999997422771,0.2,-4.29345166825e-17,1221
0.999997286371,0.2,1.04083691003e-16,1222
0.999997154024,0.2,-1.31926095806e-16,1223
0.999997025875,0.2,2.33321001445e-16,1224
0.999996902063,0.2,-1.45023331865e-16,1225
0.999996782719,0.2,1.31839408339e-17,1226
0.999996667972,0.2,-1.81105734341e-16,1227
0.99999655794,0.2,1.37564045149e-16,1228
0.999996452738,0.2,-8.52619612908e-17,1229
0.999996352472,0.2,-1.54390952507e-17,1230
0.999996257244,0.2,-2.95858196153e-16,1231
0.999996167146,0.2,2.06432884868e-16,1232
0.999996082265,0.2,-2.27596611711e-16,1233
0.999996002682,0.2,-9.77520586174e-17,1234
0.999995928469,0.2,-1.87437634737e-16,1235
0.999995859692,0.2,4.69244643069e-17,1236
0.99999579641,0.2,-1.25681244147e-16,1237
0.999995738674,0.2,-3.00108440204e-17,1238
0.999995686529,0.2,-2.9395016095e-16,1239
0.999995640012,0.2,-8.32670898904e-17,1240
0.999995599153,0.2,-2.1207087823e-16,1241
0.999995563975,0.2,1.31405886225e-16,1242
0.999995534494,0.2,-1.73473122243e-16,1243
0.999995510718,0.2,2.21611918934e-16,1244
0.999995492649,0.2,-1.01481780759e-17,1245
0.999995480281,0.2,3.35670509738e-17,1246
0.999995473601,0.2,-1.23686343691e-16,1247
0.999995472589,0.2,4.68377459051e-17,1248
0.999995477218,0.2,-2.69750720538e-16,1249
0.999995487456,0.2,-1.02609356633e-16,1250
0.999995503261,0.2,-3.9534525794e-16,1251
0.999995524586,0.2,-1.13885105881e-16,1252
0.999995551377,0.2,-2.92388942604e-16,1253
0.999995583574,0.2,1.24033276316e-16,1254
0.99999562111,0.2,-1.3123240561e-16,1255
0.999995663913,0.2,-5.81134884304e-17,1256
0.999995711901,0.2,-1.20910744753e-16,1257
0.999995764992,0.2,1.12844240009e-16,1258
0.999995823091,0.2,-8.36140207902e-17,1259
0.999995886104,0.2,9.46295549107e-17,1260
0.999995953927,0.2,-9.67979616111e-17,1261
0.999996026451,0.2,5.86338864726e-17,1262
0.999996103564,0.2,-6.14094503276e-17,1263
0.999996185146,0.2,2.03657313002e-16,1264
0.999996271075,0.2,-1.1848205522e-16,1265
0.99999636122,0.2,1.10502287513e-16,1266
0.99999645545,0.2,-7.46801103482e-17,1267
0.999996553627,0.2,1.16313609924e-16,1268
0.999996655608,0.2,-5.55980733468e-17,1269
0.999996761249,0.2,2.19096284614e-16,1270
0.999996870399,0.2,-1.64799245974e-18,1271
0.999996982906,0.2,1.19089125929e-16,1272
0.999997098612,0.2,-1.8110565635e-16,1273
0.999997217359,0.2,1.24900437823e-16,1274
0.999997338982,0.2,-5.25622611912e-17,1275
0.999997463316,0.2,1.45803878014e-16,1276
0.999997590193,0.2,-1.90993514962e-16,1277
0.999997719443,0.2,6.32308149008e-17,1278
0.999997850893,0.2,-5.22152888431e-17,1279
0.999997984368,0.2,9.9399855527e-17,1280
0.999998119692,0.2,-6.83482334692e-17,1281
0.999998256688,0.2,3.72098834282e-17,1282
0.999998395176,0.2,-2.39565696493e-16,1283
0.999998534977,0.2,3.96384894974e-17,1284
0.99999867591,0.2,-6.17562375156e-17,1285
0.999998817794,0.2,2.50581102343e-16,1286
0.999998960449,0.2,-1.09894846444e-16,1287
0.999999103692,0.2,1.45716902589e-17,1288
0.999999247342,0.2,-1.15532670457e-16,1289
0.999999391218,0.2,1.02262011164e-16,1290
0.99999953514,0.2,-1.54650669774e-16,1291
0.999999678929,0.2,4.50160886549e-17,1292
0.999999822407,0.2,-2.24213049089e-16,1293
0.999999965395,0.2,2.13804675813e-16,1294
1.00000010772,0.2,4.36282907212e-17,1295
1.00000024921,0.2,2.90045692902e-16,1296
1.00000038968,0.2,1.96891037799e-17,1297
1.00000052898,0.2,2.06258512188e-16,1298
1.00000066692,0.2,-2.185750122e-16,1299
1.00000080336,0.2,-3.40005528145e-17,1300
1.00000093812,0.2,-1.63237325954e-16,1301
1.00000107104,0.2,1.99579722153e-16,1302
1.00000120198,0.2,-5.80264305251e-17,1303
1.00000133076,0.2,9.71443853784e-17,1304
1.00000145726,0.2,-1.27588725728e-16,1305
1.00000158132,0.2,1.94635666224e-16,1306
1.00000170279,0.2,-2.27161652371e-16,1307
1.00000182154,0.2,1.78329248497e-16,1308
1.00000193744,0.2,2.43728176167e-17,1309
1.00000205035,0.2,2.31585109213e-16,1310
1.00000216014,0.2,2.25513564735e-17,1311
1.00000226671,0.2,2.72524440342e-16,1312
1.00000236993,0.2,6.5919335863e-18,1313
1.00000246968,0.2,2.88136857753e-16,1314
1.00000256587,0.2,8.73431029042e-17,1315
1.00000265839,0.2,3.72357404248e-16,1316
1.00000274714,0.2,4.97864269903e-17,1317
1.00000283203,0.2,1.42160186254e-16,1318
1.00000291297,0.2,-8.2138917319e-17,1319
1.00000298989,0.2,2.30023645169e-16,1320
1.00000306271,0.2,-9.28074217229e-18,1321
1.00000313135,0.2,1.68874801581e-16,1322
1.00000319575,0.2,-3.48678304383e-17,1323
1.00000325586,0.2,3.12596152603e-16,1324
1.00000331161,0.2,-7.45061265579e-17,1325
1.00000336297,0.2,1.54303134272e-16,1326
1.00000340988,0.2,-1.33486516303e-16,1327
1.00000345232,0.2,2.24819386338e-16,1328
1.00000349025,0.2,-1.06077970317e-16,1329
1.00000352365,0.2,1.40512106439e-16,1330
1.00000355249,0.2,-1.05991227849e-16,1331
1.00000357677,0.2,1.02088111416e-16,1332
1.00000359648,0.2,-8.56950315131e-17,1333
1.00000361161,0.2,7.09499339241e-17,1334
1.00000362217,0.2,-6.86948008246e-17,1335
1.00000362817,0.2,2.21349912441e-16,1336
1.00000362962,0.2,-2.9620295842e-16,1337
1.00000362654,0.2,-8.60419723736e-17,1338
1.00000361897,0.2,-3.47290383058e-16,1339
1.00000360693,0.2,-8.17051810139e-17,1340
1.00000359045,0.2,-2.39130772575e-16,1341
1.00000356959,0.2,3.73831574647e-17,1342
1.00000354439,0.2,-1.97150624266e-16,1343
1.0000035149,0.2,1.59160319488e-16,1344
1.00000348118,0.2,-1.30450751271e-16,1345
1.00000344329,0.2,-1.21430225199e-18,1346
1.00000340131,0.2,-1.65318584961e-16,1347
1.00000335529,0.2,2.06691608652e-16,1348
1.00000330533,0.2,-3.18320705686e-17,1349
1.0000032515,0.2,1.48318374939e-16,1350
1.00000319389,0.2,-1.37736604077e-16,1351
1.00000313259,0.2,6.78274754353e-17,1352
1.00000306769,0.2,-1.2784872798e-16,1353
1.00000299929,0.2,1.79456605348e-16,1354
1.00000292749,0.2,-4.48424705779e-17,1355
1.00000285241,0.2,1.78849480221e-16,1356
1.00000277415,0.2,-2.84493860832e-17,1357
1.00000269282,0.2,1.42507149805e-16,1358
1.00000260854,0.2,-5.28221920546e-17,1359
1.00000252143,0.2,1.88390494477e-16,1360
1.00000243162,0.2,-4.9786442699e-17,1361
1.00000233922,0.2,9.52360960533e-17,1362
1.00000224436,0.2,-5.81131060184e-17,1363
1.00000214718,0.2,7.99705805312e-17,1364
1.00000204781,0.2,-5.81131174407e-18,1365
1.00000194638,0.2,1.52655368761e-16,1366
1.00000184303,0.2,-5.48171608113e-17,1367
1.00000173789,0.2,1.77461903182e-16,1368
1.00000163112,0.2,-1.59420827408e-16,1369
1.00000152284,0.2,1.52655433417e-16,1370
1.0000014132,0.2,-1.2403255325e-16,1371
1.00000130234,0.2,-1.65665876203e-17,1372
1.00000119041,0.2,-1.21864179119e-16,1373
1.00000107755,0.2,1.52482029231e-16,1374
1.00000096391,0.2,-2.08166616463e-18,1375
1.00000084963,0.2,2.12069764757e-16,1376
1.00000073486,0.2,-2.50667358073e-17,1377
1.00000061974,0.2,-4.16333376215e-18,1378
1.00000050442,0.2,-1.72778371054e-16,1379
1.00000038904,0.2,1.06165035427e-16,1380
1.00000027375,0.2,1.99493145125e-18,1381
1.00000015869,0.2,8.70831046746e-17,1382
1.000000044,0.2,-2.28116127053e-16,1383
0.999999929825,0.2,6.86083182894e-17,1384
0.9999998163,0.2,-3.51281568416e-17,1385
0.999999703566,0.2,1.80844975979e-16,1386
0.999999591758,0.2,-1.88217573982e-17,1387
0.999999481012,0.2,6.86950853006e-17,1388
0.99999937146,0.2,-9.10730397319e-18,1389
0.999999263232,0.2,1.69135663521e-16,1390
0.999999156457,0.2,-1.05124331321e-16,1391
0.99999905126,0.2,6.93890048712e-17,1392
0.999998947765,0.2,-3.53883961468e-17,1393
0.999998846092,0.2,8.77771091711e-17,1394
0.999998746358,0.2,-1.4883946083e-16,1395
0.999998648679,0.2,-9.19404684678e-17,1396
0.999998553165,0.2,-2.39565658644e-16,1397
0.999998459925,0.2,1.04083568855e-17,1398
0.999998369064,0.2,-2.05218121906e-16,1399
0.999998280682,0.2,4.7011087026e-17,1400
0.999998194879,0.2,-9.15935648691e-17,1401
0.999998111747,0.2,8.42209837892e-17,1402
0.999998031377,0.2,-6.40981586225e-17,1403
0.999997953855,0.2,2.13544896836e-16,1404
0.999997879265,0.2,6.73074136091e-17,1405
0.999997807684,0.2,2.73739964634e-16,1406
0.999997739186,0.2,9.49763250336e-17,1407
0.999997673841,0.2,3.47118974997e-16,1408
0.999997611716,0.2,5.27357196176e-17,1409
0.999997552872,0.2,1.55258131036e-16,1410
0.999997497365,0.2,-9.57569755187e-17,1411
0.999997445249,0.2,1.11022586098e-16,1412
0.99999739657,0.2,4.18069446125e-17,1413
0.999997351374,0.2,9.28079517783e-17,1414
0.999997309699,0.2,-9.15069095389e-17,1415
0.99999727158,0.2,5.70725580776e-17,1416
0.999997237046,0.2,-1.08507253223e-16,1417
0.999997206122,0.2,1.40773203379e-16,1418
0.99999717883,0.2,-1.79717859126e-16,1419
0.999997155185,0.2,2.95771194068e-17,1420
0.999997135198,0.2,-8.8124205038e-17,1421
0.999997118877,0.2,3.65160343765e-17,1422
0.999997106224,0.2,-2.51188686205e-16,1423
0.999997097236,0.2,5.21285917701e-17,1424
0.999997091907,0.2,-1.43201839386e-16,1425
0.999997090224,0.2,2.23779979551e-17,1426
0.999997092172,0.2,-1.50574435559e-16,1427
0.999997097731,0.2,2.61076640849e-17,1428
0.999997106875,0.2,-1.32533257e-16,1429
0.999997119576,0.2,1.14405342777e-16,1430
0.9999971358,0.2,-1.79804603281e-16,1431
0.99999715551,0.2,-6.16695949895e-17,1432
0.999997178664,0.2,-2.06085730383e-16,1433
0.999997205215,0.2,7.02564971288e-18,1434
0.999997235115,0.2,-1.92468101812e-16,1435
0.999997268309,0.2,6.27971613728e-17,1436
0.99999730474,0.2,-1.33487331259e-16,1437
0.999997344346,0.2,-1.04083684969e-16,1438
0.999997387062,0.2,-1.53696901572e-16,1439
0.99999743282,0.2,1.90646599434e-16,1440
0.999997481548,0.2,-7.87566441542e-17,1441
0.99999753317,0.2,-5.25622509842e-17,1442
0.999997587608,0.2,-1.52656034152e-16,1443
0.99999764478,0.2,2.82760592548e-17,1444
0.999997704601,0.2,-2.16840932234e-16,1445
0.999997766984,0.2,1.44849733696e-17,1446
0.999997831839,0.2,-5.98480896815e-18,1447
0.999997899072,0.2,9.39354735759e-17,1448
0.999997968587,0.2,-7.18176977968e-17,1449
0.999998040289,0.2,-1.50053874734e-17,1450
0.999998114075,0.2,-2.56392613287e-16,1451
0.999998189844,0.2,1.36176039364e-16,1452
0.999998267492,0.2,4.77049782386e-18,1453
0.999998346912,0.2,1.24987033059e-16,1454
0.999998427998,0.2,-6.23634069968e-17,1455
0.99999851064,0.2,-3.1225069073e-18,1456
0.999998594727,0.2,-8.3960734225e-17,1457
0.999998680148,0.2,1.76942028087e-16,1458
0.999998766789,0.2,-2.36790046483e-17,1459
0.999998854537,0.2,5.88071931971e-17,1460
0.999998943276,0.2,-1.65666267019e-17,1461
0.999999032893,0.2,1.75380713033e-16,1462
0.99999912327,0.2,4.07660374263e-18,1463
0.999999214291,0.2,1.76941933574e-16,1464
0.999999305841,0.2,-3.56485921771e-17,1465
0.999999397801,0.2,1.76768428652e-16,1466
0.999999490056,0.2,1.00614012914e-17,1467
0.99999958249,0.2,1.17961245616e-16,1468
0.999999674986,0.2,-5.89806173527e-18,1469
0.999999767429,0.2,1.31839014836e-16,1470
0.999999859705,0.2,-6.24500538966e-17,1471
0.999999951698,0.2,2.42254145122e-16,1472
1.0000000433,0.2,-2.86229361143e-18,1473
1.00000013439,0.2,1.59594538342e-16,1474
1.00000022486,0.2,7.42461480767e-17,1475
1.00000031461,0.2,3.2543402171e-16,1476
1.00000040352,0.2,2.86229258038e-17,1477
1.00000049148,0.2,1.83013236767e-16,1478
1.0000005784,0.2,6.24500090138e-17,1479
1.00000066418,0.2,2.81545433156e-16,1480
1.00000074869,0.2,-6.9388887088e-17,1481
1.00000083186,0.2,2.4286108461e-16,1482
1.00000091358,0.2,-3.66893679981e-17,1483
1.00000099376,0.2,1.02695527723e-16,1484
1.00000107231,0.2,2.42861026214e-18,1485
1.00000114913,0.2,1.45716604534e-16,1486
1.00000122414,0.2,-7.63277395068e-17,1487
1.00000129726,0.2,1.27502010081e-16,1488
1.0000013684,0.2,1.38777688175e-17,1489
1.00000143748,0.2,1.23165189746e-16,1490
1.00000150444,0.2,-7.20776519906e-17,1491
1.00000156918,0.2,1.67574024825e-16,1492
1.00000163166,0.2,-4.33680161376e-17,1493
1.00000169179,0.2,9.9226014956e-17,1494
1.00000174952,0.2,-2.93167754537e-17,1495
1.00000180479,0.2,4.63170332161e-17,1496
1.00000185753,0.2,-5.50773680542e-17,1497
1.00000190771,0.2,1.26634572165e-16,1498
1.00000195526,0.2,-6.31438110633e-17,1499
1.00000200013,0.2,9.33279363391e-17,1500
1.0000020423,0.2,-2.2291151141e-17,1501
1.00000208172,0.2,1.34527525514e-16,1502
1.00000211835,0.2,-8.48277982806e-17,1503
1.00000215216,0.2,2.67146840358e-17,1504
1.00000218312,0.2,-1.12409835839e-16,1505
1.00000221121,0.2,8.43073745108e-17,1506
1.00000223642,0.2,-6.93887838569e-19,1507
1.00000225871,0.2,1.09287332138e-16,1508
1.00000227808,0.2,-1.44502136362e-16,1509
1.00000229451,0.2,9.60167240835e-17,1510
1.00000230801,0.2,-6.5312188129e-17,1511
1.00000231857,0.2,8.95115238213e-17,1512
1.00000232619,0.2,-4.02454910238e-17,1513
1.00000233088,0.2,1.51787950348e-16,1514
1.00000233264,0.2,-6.99091930086e-17,1515
1.00000233149,0.2,1.19695640773e-16,1516
1.00000232745,0.2,-7.65011272384e-17,1517
1.00000232052,0.2,2.3071768692e-17,1518
1.00000231074,0.2,-8.06644552383e-17,1519
1.00000229813,0.2,1.62716688102e-16,1520
1.00000228272,0.2,1.14491488062e-17,1521
1.00000226455,0.2,1.24899807428e-16,1522
1.00000224365,0.2,1.73471958387e-17,1523
1.00000222006,0.2,3.18321051151e-17,1524
1.00000219382,0.2,-1.58813585818e-16,1525
1.00000216498,0.2,4.5015976743e-17,1526
1.00000213358,0.2,-1.69221914032e-16,1527
1.00000209969,0.2,-3.2265788905e-17,1528
1.00000206335,0.2,4.16332775194e-18,1529
1.00000202462,0.2,1.19522205508e-16,1530
1.00000198356,0.2,-2.30544292658e-16,1531
1.00000194024,0.2,1.90819212123e-17,1532
1.00000189471,0.2,-1.58900369329e-16,1533
1.00000184705,0.2,-1.38777621748e-17,1534
1.00000179733,0.2,-1.31838747216e-16,1535
1.00000174562,0.2,1.17960990452e-17,1536
1.00000169198,0.2,-1.27848903861e-16,1537
1.00000163651,0.2,1.17267115067e-16,1538
1.00000157928,0.2,-6.15825861413e-17,1539
1.00000152036,0.2,5.63784272539e-18,1540
1.00000145984,0.2,-9.78382612172e-17,1541
1.0000013978,0.2,1.3825726778e-16,1542
1.00000133433,0.2,-4.05057391162e-17,1543
1.00000126951,0.2,7.00827394588e-17,1544
1.00000120343,0.2,-1.73645610975e-16,1545
1.00000113618,0.2,1.07726205462e-16,1546
1.00000106785,0.2,-1.30884746497e-16,1547
1.00000099853,0.2,1.13103857696e-16,1548
1.0000009283,0.2,-9.33280363707e-17,1549
1.00000085727,0.2,8.01441558847e-17,1550
1.00000078553,0.2,-2.51534706429e-17,1551
1.00000071316,0.2,-2.94902780604e-18,1552
1.00000064026,0.2,-1.56385221233e-16,1553
1.00000056692,0.2,1.93595030166e-16,1554
1.00000049324,0.2,-5.77662632572e-17,1555
1.00000041931,0.2,1.17700938491e-16,1556
1.00000034523,0.2,-1.69482425093e-16,1557
1.00000027108,0.2,-5.01334948655e-17,1558
1.00000019696,0.2,-7.71084433196e-17,1559
1.00000012297,0.2,3.46944652533e-17,1560
1.00000004918,0.2,-4.49293358181e-17,1561
0.999999975702,0.2,1.87350139958e-16,1562
0.999999902615,0.2,-4.16333674779e-17,1563
0.999999830012,0.2,9.47159178889e-17,1564
0.999999757979,0.2,-5.48172751078e-17,1565
0.999999686604,0.2,1.11716226864e-16,1566
0.999999615972,0.2,-2.70616966177e-17,1567
0.999999546168,0.2,4.8572279371e-17,1568
0.999999477274,0.2,-4.18068576246e-17,1569
0.999999409372,0.2,1.81538918983e-16,1570
0.999999342541,0.2,3.15719880201e-17,1571
0.999999276859,0.2,3.27862974051e-17,1572
0.999999212403,0.2,-2.35922578545e-16,1573
0.999999149246,0.2,-3.3219982827e-17,1574
0.99999908746,0.2,-4.85723016515e-17,1575
0.999999027116,0.2,2.19442733203e-17,1576
0.999998968282,0.2,-1.50574153065e-16,1577
0.999998911024,0.2,-1.01481433856e-17,1578
0.999998855404,0.2,-1.9958016435e-16,1579
0.999998801485,0.2,-5.76796247061e-17,1580
0.999998749324,0.2,-1.27589071231e-16,1581
0.999998698979,0.2,7.18176453417e-17,1582
0.999998650502,0.2,-7.18176488232e-17,1583
0.999998603946,0.2,8.73434489516e-17,1584
0.999998559357,0.2,-1.1215003429e-16,1585
0.999998516783,0.2,4.72712848339e-17,1586
0.999998476266,0.2,-1.52829371105e-16,1587
0.999998437847,0.2,2.89699273043e-17,1588
0.999998401562,0.2,-6.40113985818e-17,1589
0.999998367447,0.2,-3.53884166834e-17,1590
0.999998335533,0.2,-1.88824964653e-16,1591
0.999998305849,0.2,2.46331150911e-17,1592
0.999998278421,0.2,-9.08996666321e-17,1593
0.999998253272,0.2,4.24140630734e-17,1594
0.999998230423,0.2,-1.55084553186e-16,1595
0.999998209889,0.2,-1.3097185689e-17,1596
0.999998191686,0.2,-7.11237911292e-17,1597
0.999998175823,0.2,2.92301438912e-17,1598
0.999998162311,0.2,-9.7838583842e-17,1599
0.999998151153,0.2,5.14346461575e-17,1600
0.999998142352,0.2,-1.39472026558e-16,1601
0.999998135907,0.2,6.85217050319e-17,1602
0.999998131815,0.2,-1.01134567587e-16,1603
0.999998130069,0.2,7.30319949034e-17,1604
0.99999813066,0.2,-1.7277878119e-16,1605
0.999998133575,0.2,1.52655950807e-17,1606
0.999998138799,0.2,-7.01696952031e-17,1607
0.999998146315,0.2,1.35829099953e-16,1608
0.999998156101,0.2,-1.14491960526e-17,1609
0.999998168135,0.2,3.46945330753e-17,1610
0.999998182389,0.2,-2.63678447613e-17,1611
0.999998198836,0.2,1.27068723487e-16,1612
0.999998217444,0.2,-5.75929220651e-17,1613
0.999998238179,0.2,2.22391941435e-16,1614
0.999998261005,0.2,1.21430854486e-17,1615
0.999998285882,0.2,9.02925116966e-17,1616
0.999998312771,0.2,-1.14925624189e-16,1617
0.999998341628,0.2,1.31839202813e-16,1618
0.999998372406,0.2,-6.93890519763e-18,1619
0.999998405058,0.2,9.71446695948e-17,1620
0.999998439535,0.2,-2.90566635645e-17,1621
0.999998475783,0.2,2.09901860529e-17,1622
0.99999851375,0.2,-1.24900275903e-16,1623
0.99999855338,0.2,7.46799536743e-17,1624
0.999998594614,0.2,-4.37150930312e-17,1625
0.999998637394,0.2,8.31801040148e-17,1626
0.999998681659,0.2,-1.73472576294e-19,1627
0.999998727346,0.2,1.11369388892e-16,1628
0.999998774392,0.2,-1.40686246328e-16,1629
0.99999882273,0.2,8.15320993562e-18,1630
0.999998872295,0.2,5.91541372392e-17,1631
0.999998923019,0.2,1.51788467621e-16,1632
0.999998974833,0.2,-2.86229666969e-18,1633
0.999999027666,0.2,1.51788451737e-16,1634
0.999999081449,0.2,6.72205964396e-17,1635
0.99999913611,0.2,2.23952994219e-16,1636
0.999999191575,0.2,8.69097164064e-17,1637
0.999999247772,0.2,1.33573808128e-16,1638
0.999999304628,0.2,-1.04083480935e-16,1639
0.999999362069,0.2,1.44936238877e-16,1640
0.999999420019,0.2,6.1582719114e-18,1641
0.999999478405,0.2,1.86049189841e-16,1642
0.999999537151,0.2,-1.07379432863e-16,1643
0.999999596183,0.2,-1.21430692354e-17,1644
0.999999655425,0.2,-2.1553946616e-16,1645
0.999999714804,0.2,-1.82146016925e-17,1646
0.999999774243,0.2,-6.94756908975e-17,1647
0.99999983367,0.2,2.37830628115e-16,1648
0.999999893009,0.2,2.36789779805e-17,1649
0.999999952189,0.2,9.2807710402e-17,1650
1.00000001113,0.2,-1.11716190609e-16,1651
1.00000006978,0.2,1.89084845688e-16,1652
1.00000012804,0.2,-3.20923801965e-17,1653
1.00000018585,0.2,1.51267858991e-16,1654
1.00000024315,0.2,4.85722455169e-17,1655
1.00000029986,0.2,2.0209522435e-16,1656
1.00000035592,0.2,-1.30104214391e-17,1657
1.00000041126,0.2,9.67975301505e-17,1658
1.00000046581,0.2,-1.09374264212e-16,1659
1.00000051951,0.2,6.85215417031e-17,1660
1.0000005723,0.2,-1.04083348991e-16,1661
1.00000062412,0.2,1.94982797007e-16,1662
1.0000006749,0.2,-9.6277087939e-17,1663
1.00000072459,0.2,6.93888887603e-17,1664
1.00000077314,0.2,-1.30798048964e-16,1665
1.00000082048,0.2,6.24499938964e-17,1666
1.00000086656,0.2,-1.94288860946e-16,1667
1.00000091134,0.2,1.53522887712e-16,1668
1.00000095476,0.2,2.68881882058e-18,1669
1.00000099678,0.2,2.23779105343e-16,1670
1.00000103735,0.2,6.76541453822e-17,1671
1.00000107643,0.2,2.18141242291e-16,1672
1.00000111397,0.2,2.31585326064e-17,1673
1.00000114994,0.2,5.95009468035e-17,1674
1.0000011843,0.2,-5.68988626266e-17,1675
1.00000121702,0.2,1.89778517308e-16,1676
1.00000124806,0.2,-5.52508737536e-17,1677
1.00000127739,0.2,-6.40112144962e-17,1678
1.00000130499,0.2,-2.89438234253e-16,1679
1.00000133082,0.2,-6.93888466948e-18,1680
1.00000135487,0.2,0,1681
1.00000137712,0.2,1.18134506029e-16,1682
1.00000139754,0.2,-3.45209489275e-17,1683
1.00000141612,0.2,1.11022145242e-16,1684
1.00000143285,0.2,-2.06431797856e-17,1685
1.0000014477,0.2,8.49145912179e-17,1686
1.00000146069,0.2,-1.93074440855e-16,1687
1.00000147179,0.2,5.07405869931e-17,1688
1.000001481,0.2,-4.63170482131e-17,1689
1.00000148832,0.2,1.66533205839e-16,1690
1.00000149375,0.2,-2.77555341557e-17,1691
1.0000014973,0.2,1.66533204343e-16,1692
1.00000149897,0.2,-1.06685333855e-16,1693
1.00000149876,0.2,-3.74699709226e-17,1694
1.00000149669,0.2,-2.14151292592e-16,1695
1.00000149276,0.2,2.27248436126e-17,1696
1.00000148699,0.2,-1.23859072007e-16,1697
1.0000014794,0.2,4.56231599231e-17,1698
1.00000147001,0.2,-6.93888370366e-19,1699
1.00000145884,0.2,4.86589225158e-17,1700
1.0000014459,0.2,-1.4146649492e-16,1701
1.00000143123,0.2,-2.01227635211e-17,1702
1.00000141484,0.2,-8.76901476428e-17,1703
1.00000139678,0.2,-5.20416315886e-19,1704
1.00000137707,0.2,-1.00527087e-16,1705
1.00000135574,0.2,4.51027492279e-18,1706
1.00000133283,0.2,-2.08686956016e-16,1707
1.00000130837,0.2,4.42353907612e-18,1708
1.0000012824,0.2,-2.02095025784e-17,1709
1.00000125497,0.2,1.3253270724e-16,1710
1.00000122611,0.2,-2.16840168627e-17,1711
1.00000119587,0.2,1.14318140358e-16,1712
1.00000116428,0.2,-1.10154812473e-16,1713
1.00000113141,0.2,5.03069238857e-17,1714
1.00000109729,0.2,-1.17961066929e-16,1715
1.00000106197,0.2,-3.46944326752e-17,1716
1.0000010255,0.2,-7.83226846205e-17,1717
1.00000098794,0.2,8.32666445847e-17,1718
1.00000094933,0.2,-1.0234858792e-17,1719
1.00000090973,0.2,3.83373539424e-17,1720
1.0000008692,0.2,-5.72458249493e-17,1721
1.00000082778,0.2,-7.56338809443e-17,1722
1.00000078554,0.2,-1.21170339613e-16,1723
1.00000074253,0.2,5.30824989496e-17,1724
1.00000069881,0.2,-1.27241878045e-16,1725
1.00000065443,0.2,-2.13370847909e-17,1726
1.00000060946,0.2,-3.79904209703e-17,1727
1.00000056395,0.2,1.24206130834e-16,1728
1.00000051797,0.2,-4.23272308897e-17,1729
1.00000047157,0.2,1.32012394269e-16,1730
1.00000042481,0.2,-7.32052995881e-17,1731
1.00000037775,0.2,5.2995782172e-17,1732
1.00000033046,0.2,-7.33787787854e-17,1733
1.00000028298,0.2,1.43114646269e-17,1734
1.00000023539,0.2,4.78783566666e-17,1735
1.00000018775,0.2,1.16920340329e-16,1736
1.0000001401,0.2,-4.55364848646e-17,1737
1.00000009252,0.2,5.31692696194e-17,1738
1.00000004506,0.2,1.17267301692e-16,1739
0.999999997773,0.2,8.7169854862e-17,1740
0.999999950725,0.2,-9.95731324275e-17,1741
0.999999903972,0.2,2.15799621134e-16,1742
0.999999857569,0.2,1.38604425472e-16,1743
0.999999811574,0.2,1.44675965157e-16,1744
0.99999976604,0.2,2.4633079122e-17,1745
0.999999721023,0.2,5.30825531737e-17,1746
0.999999676576,0.2,-1.03649761212e-16,1747
0.999999632751,0.2,9.41087831331e-17,1748
0.999999589601,0.2,9.71445545227e-17,1749
0.999999547175,0.2,1.3452786648e-16,1750
0.999999505523,0.2,-4.69242932282e-17,1751
0.999999464692,0.2,-5.65520155896e-17,1752
0.99999942473,0.2,-2.41126701874e-16,1753
0.999999385682,0.2,-7.52870451076e-17,1754
0.999999347591,0.2,-2.403460944e-16,1755
0.999999310502,0.2,-1.37997347663e-16,1756
0.999999274454,0.2,-1.58987521926e-16,1757
0.999999239488,0.2,3.61690119811e-17,1758
0.999999205642,0.2,-1.98365787051e-16,1759
0.999999172952,0.2,3.37403995127e-17,1760
0.999999141453,0.2,-1.92988152392e-16,1761
0.999999111179,0.2,4.05058291665e-17,1762
0.999999082162,0.2,-1.26548193723e-16,1763
0.999999054431,0.2,-4.77049406977e-17,1764
0.999999028014,0.2,-2.88658266974e-16,1765
0.999999002938,0.2,-1.73472520561e-19,1766
0.999998979227,0.2,6.24501088826e-17,1767
0.999998956904,0.2,1.04083517128e-16,1768
0.999998935991,0.2,-3.54751328296e-17,1769
0.999998916505,0.2,6.20164314606e-17,1770
0.999998898465,0.2,-4.05058377826e-17,1771
0.999998881886,0.2,4.53630696179e-17,1772
0.99999886678,0.2,4.18068831474e-17,1773
0.999998853161,0.2,1.76248107288e-16,1774
0.999998841036,0.2,-7.46799321922e-17,1775
0.999998830414,0.2,9.41955949154e-17,1776
0.999998821301,0.2,-1.84054377746e-16,1777
0.9999988137,0.2,-8.10984187089e-17,1778
0.999998807614,0.2,-1.98452602284e-16,1779
0.999998803043,0.2,5.47305911773e-17,1780
0.999998799984,0.2,2.29851136392e-17,1781
0.999998798434,0.2,1.31839142588e-16,1782
0.999998798388,0.2,6.41848457364e-17,1783
0.999998799838,0.2,1.18048074217e-16,1784
0.999998802775,0.2,-3.67761817201e-17,1785
0.999998807188,0.2,3.46945109035e-17,1786
0.999998813065,0.2,-5.51642720125e-17,1787
0.99999882039,0.2,1.82146179839e-16,1788
0.999998829147,0.2,9.80119911503e-18,1789
0.999998839319,0.2,2.42861568522e-18,1790
0.999998850885,0.2,-1.03042692881e-16,1791
0.999998863825,0.2,1.45716937542e-17,1792
0.999998878115,0.2,-1.39211715127e-16,1793
0.999998893731,0.2,-8.37872365809e-17,1794
0.999998910647,0.2,-3.05918818242e-16,1795
0.999998928836,0.2,-1.67574467279e-16,1796
0.999998948268,0.2,-1.62370288121e-16,1797
0.999998968914,0.2,-5.29091205712e-18,1798
0.999998990741,0.2,-1.32619743586e-16,1799
0.999999013716,0.2,9.68844016888e-17,1800
0.999999037806,0.2,-3.29597777573e-18,1801
0.999999062975,0.2,1.42334194575e-16,1802
0.999999089185,0.2,2.87964359294e-17,1803
0.9999991164,0.2,8.41341629258e-17,1804
0.999999144581,0.2,-1.21604219689e-16,1805
0.999999173686,0.2,6.07153718291e-17,1806
0.999999203677,0.2,-4.8312087278e-17,1807
0.99999923451,0.2,1.13537738415e-16,1808
0.999999266145,0.2,-1.24900181929e-16,1809
0.999999298536,0.2,1.17180653e-16,1810
0.99999933164,0.2,-8.42208810485e-17,1811
0.999999365412,0.2,4.98733315833e-17,1812
0.999999399808,0.2,-8.26596232419e-17,1813
0.99999943478,0.2,5.38631943736e-17,1814
0.999999470284,0.2,-1.18047995072e-16,1815
0.999999506271,0.2,8.24861420085e-17,1816
0.999999542694,0.2,-8.34402373522e-17,1817
0.999999579507,0.2,1.35655432864e-16,1818
0.999999616661,0.2,-9.44557294755e-17,1819
0.999999654109,0.2,7.63278593441e-17,1820
0.999999691802,0.2,-1.13364214094e-16,1821
0.999999729692,0.2,1.21777620931e-16,1822
0.999999767731,0.2,2.34187723651e-18,1823
0.999999805871,0.2,1.03909956383e-16,1824
0.999999844064,0.2,5.55111598874e-18,1825
0.999999882263,0.2,1.50574015443e-16,1826
0.999999920418,0.2,-1.28022602715e-16,1827
0.999999958485,0.2,1.3643600705e-16,1828
0.999999996414,0.2,1.36175793352e-17,1829
1.00000003416,0.2,2.41126554924e-17,1830
1.00000007168,0.2,-4.42354454667e-17,1831
1.00000010892,0.2,2.65672871409e-16,1832
1.00000014584,0.2,1.27415420728e-16,1833
1.0000001824,0.2,3.92914795641e-16,1834
1.00000021855,0.2,9.6450604185e-17,1835
1.00000025425,0.2,3.38184255659e-16,1836
1.00000028946,0.2,-2.94902905555e-17,1837
1.00000032413,0.2,1.51961727241e-16,1838
1.00000035822,0.2,7.08634286087e-17,1839
1.0000003917,0.2,2.01574788951e-16,1840
1.00000042453,0.2,1.39211499847e-16,1841
1.00000045667,0.2,2.31758950553e-16,1842
1.00000048808,0.2,-5.85468887386e-17,1843
1.00000051873,0.2,2.17967891691e-16,1844
1.00000054858,0.2,3.74700065259e-17,1845
1.0000005776,0.2,1.21777517675e-16,1846
1.00000060575,0.2,-1.2819598722e-16,1847
1.00000063301,0.2,1.23945913899e-16,1848
1.00000065935,0.2,5.25620866651e-17,1849
1.00000068474,0.2,1.125834765e-16,1850
1.00000070915,0.2,-8.84708345355e-17,1851
1.00000073256,0.2,9.22004852059e-17,1852
1.00000075494,0.2,7.71951364035e-17,1853
1.00000077627,0.2,1.9428887849e-16,1854
1.00000079652,0.2,-6.53990229526e-17,1855
1.00000081569,0.2,6.15826331651e-17,1856
1.00000083374,0.2,7.28583252461e-18,1857
1.00000085067,0.2,2.12503445037e-16,1858
1.00000086645,0.2,1.6210976837e-16,1859
1.00000088108,0.2,2.92994536941e-16,1860
1.00000089454,0.2,7.80624865892e-18,1861
1.00000090681,0.2,1.46410528605e-16,1862
1.0000009179,0.2,3.73832565931e-17,1863
1.00000092779,0.2,1.23338724709e-16,1864
1.00000093648,0.2,1.28716361377e-16,1865
1.00000094396,0.2,2.67927787953e-16,1866
1.00000095022,0.2,-3.8771032847e-17,1867
1.00000095527,0.2,4.55364477447e-17,1868
1.00000095911,0.2,1.21430526853e-17,1869
1.00000096173,0.2,1.81972317621e-16,1870
1.00000096315,0.2,6.34040819795e-17,1871
1.00000096335,0.2,1.9055919026e-16,1872
1.00000096236,0.2,6.06285271388e-17,1873
1.00000096018,0.2,2.47891746698e-16,1874
1.0000009568,0.2,6.29704019276e-17,1875
1.00000095226,0.2,2.06518633156e-16,1876
1.00000094655,0.2,-1.43895176128e-16,1877
1.00000093969,0.2,1.10328309397e-16,1878
1.0000009317,0.2,-8.25727605236e-17,1879
1.00000092258,0.2,7.91900536189e-17,1880
1.00000091237,0.2,-1.0694560472e-16,1881
1.00000090106,0.2,8.77769287919e-17,1882
1.00000088869,0.2,-1.88043857683e-16,1883
1.00000087528,0.2,1.64798585973e-17,1884
1.00000086084,0.2,6.56592270436e-17,1885
1.0000008454,0.2,1.52395328529e-16,1886
1.00000082899,0.2,-1.70523176327e-16,1887
1.00000081162,0.2,4.76181207676e-17,1888
1.00000079333,0.2,-1.72171168402e-16,1889
1.00000077415,0.2,1.0234860585e-17,1890
1.00000075409,0.2,-8.69095806087e-17,1891
1.0000007332,0.2,5.20416661226e-17,1892
1.00000071149,0.2,-1.52482085049e-16,1893
1.00000068901,0.2,2.97504871147e-17,1894
1.00000066578,0.2,-1.03129241986e-16,1895
1.00000064183,0.2,1.92554182245e-17,1896
1.00000061721,0.2,-1.32012375042e-16,1897
1.00000059194,0.2,1.31838906134e-16,1898
1.00000056606,0.2,-3.46944498805e-17,1899
1.0000005396,0.2,2.45289767145e-16,1900
1.0000005126,0.2,-8.16186977071e-17,1901
1.00000048509,0.2,1.35655310016e-16,1902
1.00000045712,0.2,-6.71337678321e-17,1903
1.00000042872,0.2,4.44956380827e-17,1904
1.00000039992,0.2,-1.23512262094e-16,1905
1.00000037077,0.2,2.30718136762e-17,1906
1.0000003413,0.2,-1.25420464507e-16,1907
1.00000031155,0.2,9.88792073247e-18,1908
1.00000028156,0.2,-9.02055953523e-17,1909
1.00000025137,0.2,6.86950323807e-17,1910
1.00000022102,0.2,4.12864096033e-17,1911
1.00000019054,0.2,-2.15105670036e-17,1912
1.00000015997,0.2,-2.7278522296e-16,1913
1.00000012936,0.2,-1.34701260485e-16,1914
1.00000009873,0.2,-1.68441632887e-16,1915
1.00000006814,0.2,5.46437857699e-17,1916
1.00000003761,0.2,-1.15706051496e-16,1917
1.00000000719,0.2,-1.67400814229e-17,1918
0.999999976903,0.2,-5.88071271939e-17,1919
0.999999946799,0.2,1.71130480009e-16,1920
0.99999991691,0.2,5.81132412739e-18,1921
0.999999887272,0.2,5.21284463294e-17,1922
0.999999857921,0.2,9.78384179458e-17,1923
0.999999828893,0.2,2.0729949085e-16,1924
0.999999800221,0.2,3.40873231129e-17,1925
0.99999977194,0.2,1.66273283093e-16,1926
0.999999744082,0.2,6.24500611172e-18,1927
0.999999716681,0.2,1.2420623607e-16,1928
0.999999689769,0.2,-2.69749584199e-17,1929
0.999999663375,0.2,3.39138553716e-17,1930
0.999999637531,0.2,3.52148993266e-17,1931
0.999999612267,0.2,2.13631278898e-16,1932
0.99999958761,0.2,8.58688474723e-18,1933
0.999999563589,0.2,4.78783888316e-17,1934
0.999999540229,0.2,-6.8608345019e-17,1935
0.999999517558,0.2,2.21177349892e-17,1936
0.999999495599,0.2,-8.41341310222e-18,1937
0.999999474378,0.2,3.96384522609e-17,1938
0.999999453915,0.2,-2.60208663493e-18,1939
0.999999434234,0.2,8.89913646659e-17,1940
0.999999415354,0.2,-1.60548751566e-16,1941
0.999999397295,0.2,6.86083548255e-17,1942
0.999999380077,0.2,7.06900254685e-17,1943
0.999999363715,0.2,6.05418878335e-17,1944
0.999999348226,0.2,-1.57859939203e-16,1945
0.999999333626,0.2,7.4159478016e-17,1946
0.999999319927,0.2,-1.07813137353e-16,1947
0.999999307142,0.2,1.13884675104e-16,1948
0.999999295284,0.2,-6.90420429989e-17,1949
0.999999284361,0.2,-7.69350412173e-17,1950
0.999999274384,0.2,-1.77635812835e-16,1951
0.999999265359,0.2,3.53883849077e-17,1952
0.999999257294,0.2,-1.20563371124e-16,1953
0.999999250193,0.2,1.10935649469e-16,1954
0.99999924406,0.2,-4.99600738749e-17,1955
0.9999992389,0.2,5.62918196392e-17,1956
0.999999234712,0.2,-1.05731476776e-16,1957
0.999999231498,0.2,-9.3414930971e-17,1958
0.999999229256,0.2,-9.41088211056e-17,1959
0.999999227985,0.2,1.66186637297e-16,1960
0.999999227681,0.2,-9.28077776419e-18,1961
0.999999228341,0.2,1.68701988219e-16,1962
0.999999229958,0.2,6.8868575028e-17,1963
0.999999232525,0.2,4.7531459721e-17,1964
0.999999236035,0.2,-8.41341528604e-18,1965
0.99999924048,0.2,1.48752651046e-16,1966
0.999999245847,0.2,-1.35308533169e-16,1967
0.999999252127,0.2,7.91034496639e-17,1968
0.999999259307,0.2,-1.45716879913e-16,1969
0.999999267374,0.2,8.63025561574e-17,1970
0.999999276313,0.2,-8.3266787106e-17,1971
0.999999286108,0.2,1.23425663428e-16,1972
0.999999296744,0.2,-5.62050801482e-17,1973
0.999999308203,0.2,1.35568733434e-16,1974
0.999999320466,0.2,-5.17815309452e-17,1975
0.999999333515,0.2,8.55219243647e-17,1976
0.999999347329,0.2,-1.21257250112e-16,1977
0.999999361887,0.2,1.07119242996e-16,1978
0.999999377168,0.2,-1.56125210078e-17,1979
0.999999393148,0.2,7.34655837904e-17,1980
0.999999409805,0.2,-1.17701057312e-16,1981
0.999999427114,0.2,2.23866192825e-16,1982
0.99999944505,0.2,-8.43076077189e-17,1983
0.999999463589,0.2,-6.83481416162e-17,1984
0.999999482704,0.2,-1.19435773105e-16,1985
0.999999502369,0.2,1.04603877656e-16,1986
0.999999522555,0.2,-1.47885246934e-16,1987
0.999999543237,0.2,1.71304021498e-16,1988
0.999999564384,0.2,4.82253336399e-17,1989
0.999999585969,0.2,1.05211022379e-16,1990
0.999999607963,0.2,-3.9118029719e-17,1991
0.999999630336,0.2,9.88792746828e-17,1992
0.999999653059,0.2,-6.03683979083e-17,1993
0.999999676101,0.2,1.38084033413e-16,1994
0.999999699433,0.2,-1.3877791979e-17,1995
0.999999723023,0.2,1.83794003186e-16,1996
0.999999746841,0.2,-1.33573741466e-16,1997
0.999999770857,0.2,6.41847833187e-17,1998
0.999999795039,0.2,6.93889532611e-18,1999
0.999999819356,0.2,2.54137035139e-17,2000
