arc_length,density,temperature,velocity_0,velocity_1,velocity_2
0,1,0.1,3.46944695195e-18,0.00203,7.03141248929e-16
0.0800018310547,1,0.1,3.36536116112e-18,0.00218600357056,6.61483802418e-16
0.159999847412,1,0.1,3.26128033336e-18,0.00234199970245,6.19828342243e-16
0.240001678467,1,0.1,3.15719454252e-18,0.00249800327301,5.78170895732e-16
0.319999694824,1,0.1,3.05311371477e-18,0.00265399940491,5.36515435557e-16
0.400001525879,1,0.1,2.94902792393e-18,0.00281000297546,4.94857989046e-16
0.479999542236,1,0.1,2.84494709617e-18,0.00296599910736,4.53202528871e-16
0.560001373291,1,0.1,2.74086130533e-18,0.00312200267792,4.1154508236e-16
0.639999389648,1,0.1,2.63678047758e-18,0.00327799880981,3.69889622185e-16
0.720001220703,1,0.1,2.53269468674e-18,0.00343400238037,3.28232175674e-16
0.799999237061,1,0.1,2.42861385898e-18,0.00358999851227,2.86576715499e-16
0.880001068115,1,0.1,2.32452806815e-18,0.00374600208282,2.44919268987e-16
0.959999084473,1,0.1,2.22044724039e-18,0.00390199821472,2.03263808813e-16
1.04000091553,1,0.1,2.11636144955e-18,0.00405800178528,1.61606362301e-16
1.11999893188,1,0.1,2.0122806218e-18,0.00421399791717,1.19950902126e-16
1.20000076294,1,0.1,1.90819483096e-18,0.00437000148773,7.82934556152e-17
1.2799987793,1,0.1,1.8041140032e-18,0.00452599761963,3.66379954403e-17
1.36000061035,1,0.1,1.70002821236e-18,0.00468200119019,-5.01945107098e-18
1.43999862671,1,0.1,1.59594738461e-18,0.00483799732208,-4.66749112459e-17
1.52000045776,1,0.1,1.49186159377e-18,0.00499400089264,-8.83323577571e-17
1.59999847412,1,0.1,1.38778076602e-18,0.00514999702454,-1.29987817932e-16
1.68000030518,1,0.1,1.28369497518e-18,0.00530600059509,-1.71645264443e-16
1.75999832153,1,0.1,1.17961414742e-18,0.00546199672699,-2.13300724618e-16
1.84000015259,1,0.1,1.07552835658e-18,0.00561800029755,-2.54958171129e-16
1.91999816895,1,0.1,9.71447528827e-19,0.00577399642944,-2.96613631304e-16
2,1,0.1,8.67361737989e-19,0.00593,-3.38271077816e-16
2.08000183105,1,0.1,9.36752265214e-19,0.00607800338745,-3.12596582742e-16
2.15999984741,1,0.1,1.00613948372e-18,0.00622599971771,-2.86923311896e-16
2.24000167847,1,0.1,1.07553001094e-18,0.00637400310516,-2.61248816822e-16
2.31999969482,1,0.1,1.14491722945e-18,0.00652199943542,-2.35575545976e-16
2.40000152588,1,0.1,1.21430775667e-18,0.00667000282288,-2.09901050902e-16
2.47999954224,1,0.1,1.28369497518e-18,0.00681799915314,-1.84227780056e-16
2.56000137329,1,0.1,1.3530855024e-18,0.00696600254059,-1.58553284982e-16
2.63999938965,1,0.1,1.42247272091e-18,0.00711399887085,-1.32880014136e-16
2.7200012207,1,0.1,1.49186324813e-18,0.0072620022583,-1.07205519063e-16
2.79999923706,1,0.1,1.56125046663e-18,0.00740999858856,-8.15322482164e-17
2.88000106812,1,0.1,1.63064099386e-18,0.00755800197601,-5.58577531428e-17
2.95999908447,1,0.1,1.70002821236e-18,0.00770599830627,-3.01844822966e-17
3.04000091553,1,0.1,1.76941873959e-18,0.00785400169372,-4.50998722299e-18
3.11999893188,1,0.1,1.83880595809e-18,0.00800199802399,2.11632836233e-17
3.20000076294,1,0.1,1.90819648532e-18,0.00815000141144,4.68377786968e-17
3.2799987793,1,0.1,1.97758370382e-18,0.0082979977417,7.25110495431e-17
3.36000061035,1,0.1,2.04697423105e-18,0.00844600112915,9.81855446167e-17
3.43999862671,1,0.1,2.11636144955e-18,0.00859399745941,1.23858815463e-16
3.52000045776,1,0.1,2.18575197678e-18,0.00874200084686,1.49533310537e-16
3.59999847412,1,0.1,2.25513919528e-18,0.00888999717712,1.75206581383e-16
3.68000030518,1,0.1,2.32452972251e-18,0.00903800056457,2.00881076456e-16
3.75999832153,1,0.1,2.39391694101e-18,0.00918599689484,2.26554347303e-16
3.84000015259,1,0.1,2.46330746824e-18,0.00933400028229,2.52228842376e-16
3.91999816895,1,0.1,2.53269468674e-18,0.00948199661255,2.77902113222e-16
4,1,0.1,2.60208521397e-18,0.00963,3.03576608296e-16
4.08000183105,1,0.1,2.46330415951e-18,0.00977000320434,2.79012361658e-16
4.15999984741,1,0.1,2.32452972251e-18,0.00990999973297,2.54449286308e-16
4.24000167847,1,0.1,2.18574866806e-18,0.0100500029373,2.2988503967e-16
4.31999969482,1,0.1,2.04697423105e-18,0.0101899994659,2.0532196432e-16
4.40000152588,1,0.1,1.9081931766e-18,0.0103300026703,1.80757717682e-16
4.47999954224,1,0.1,1.76941873959e-18,0.0104699991989,1.56194642332e-16
4.56000137329,1,0.1,1.63063768514e-18,0.0106100024033,1.31630395694e-16
4.63999938965,1,0.1,1.49186324813e-18,0.0107499989319,1.07067320343e-16
4.7200012207,1,0.1,1.35308219368e-18,0.0108900021362,8.25030737054e-17
4.79999923706,1,0.1,1.21430775667e-18,0.0110299986649,5.79399983552e-17
4.88000106812,1,0.1,1.07552670222e-18,0.0111700018692,3.33757517172e-17
4.95999908447,1,0.1,9.36752265214e-19,0.0113099983978,8.81267636702e-18
5.04000091553,1,0.1,7.97971210763e-19,0.0114500016022,-1.57515702709e-17
5.11999893188,1,0.1,6.59196773756e-19,0.0115899981308,-4.03146456211e-17
5.20000076294,1,0.1,5.20415719304e-19,0.0117300013351,-6.48788922591e-17
5.2799987793,1,0.1,3.81641282297e-19,0.0118699978638,-8.94419676093e-17
5.36000061035,1,0.1,2.42860227846e-19,0.0120100010681,-1.14006214247e-16
5.43999862671,1,0.1,1.04085790839e-19,0.0121499975967,-1.38569289597e-16
5.52000045776,1,0.1,-3.46952636129e-20,0.0122900008011,-1.63133536235e-16
5.59999847412,1,0.1,-1.7346970062e-19,0.0124299973297,-1.87696611586e-16
5.68000030518,1,0.1,-3.12250755071e-19,0.0125700005341,-2.12260858224e-16
5.75999832153,1,0.1,-4.51025192078e-19,0.0127099970627,-2.36823933574e-16
5.84000015259,1,0.1,-5.8980624653e-19,0.012850000267,-2.61388180212e-16
5.91999816895,1,0.1,-7.28580683537e-19,0.0129899967957,-2.85951255562e-16
6,1,0.1,-8.67361737989e-19,0.01313,-3.105155022e-16
6.08000183105,1,0.1,-8.32666474376e-19,0.0132620030212,-2.79914279693e-16
6.15999984741,1,0.1,-7.97972865124e-19,0.0133939997482,-2.49314516333e-16
6.24000167847,1,0.1,-7.63277601511e-19,0.0135260027695,-2.18713293827e-16
6.31999969482,1,0.1,-7.28583992259e-19,0.0136579994965,-1.88113530467e-16
6.40000152588,1,0.1,-6.93888728646e-19,0.0137900025177,-1.5751230796e-16
6.47999954224,1,0.1,-6.59195119395e-19,0.0139219992447,-1.269125446e-16
6.56000137329,1,0.1,-6.24499855782e-19,0.0140540022659,-9.63113220935e-17
6.63999938965,1,0.1,-5.8980624653e-19,0.0141859989929,-6.57115587335e-17
6.7200012207,1,0.1,-5.55110982917e-19,0.0143180020142,-3.51103362269e-17
6.79999923706,1,0.1,-5.20417373665e-19,0.0144499987411,-4.51057286686e-18
6.88000106812,1,0.1,-4.85722110052e-19,0.0145820017624,2.60906496397e-17
6.95999908447,1,0.1,-4.51028500801e-19,0.0147139984894,5.66904129997e-17
7.04000091553,1,0.1,-4.16333237188e-19,0.0148460015106,8.72916355064e-17
7.11999893188,1,0.1,-3.81639627936e-19,0.0149779982376,1.17891398866e-16
7.20000076294,1,0.1,-3.46944364323e-19,0.0151100012588,1.48492621373e-16
7.2799987793,1,0.1,-3.12250755071e-19,0.0152419979858,1.79092384733e-16
7.36000061035,1,0.1,-2.77555491459e-19,0.0153740010071,2.0969360724e-16
7.43999862671,1,0.1,-2.42861882207e-19,0.0155059977341,2.402933706e-16
7.52000045776,1,0.1,-2.08166618594e-19,0.0156380007553,2.70894593106e-16
7.59999847412,1,0.1,-1.73473009342e-19,0.0157699974823,3.01494356466e-16
7.68000030518,1,0.1,-1.38777745729e-19,0.0159020005035,3.32095578973e-16
7.75999832153,1,0.1,-1.04084136478e-19,0.0160339972305,3.62695342333e-16
7.84000015259,1,0.1,-6.93888728646e-20,0.0161660002518,3.93296564839e-16
7.91999816895,1,0.1,-3.46952636129e-20,0.0162979969788,4.23896328199e-16
8,1,0.1,7.67597811087e-36,0.01643,4.54497550706e-16
8.07999992371,1,0.1,-1.04083309297e-19,0.0165539998817,4.25839946213e-16
8.15999984741,1,0.1,-2.08166618594e-19,0.0166779997635,3.9718234172e-16
8.23999977112,1,0.1,-3.12249927891e-19,0.0168019996452,3.68524737227e-16
8.31999969482,1,0.1,-4.16333237188e-19,0.016925999527,3.39867132734e-16
8.39999961853,1,0.1,-5.20416546485e-19,0.0170499994087,3.11209528241e-16
8.47999954224,1,0.1,-6.24499855782e-19,0.0171739992905,2.82551923747e-16
8.55999946594,1,0.1,-7.28583165079e-19,0.0172979991722,2.53894319254e-16
8.63999938965,1,0.1,-8.32666474376e-19,0.017421999054,2.25236714761e-16
8.71999931335,1,0.1,-9.36749783673e-19,0.0175459989357,1.96579110268e-16
8.79999923706,1,0.1,-1.04083309297e-18,0.0176699988174,1.67921505775e-16
8.87999916077,1,0.1,-1.14491640227e-18,0.0177939986992,1.39263901282e-16
8.95999908447,1,0.1,-1.24899971156e-18,0.0179179985809,1.10606296789e-16
9.04000091553,1,0.1,-1.3530855024e-18,0.0180420014191,8.19480090446e-17
9.12000083923,1,0.1,-1.4571688117e-18,0.0181660013008,5.32904045515e-17
9.20000076294,1,0.1,-1.561252121e-18,0.0182900011826,2.46328000584e-17
9.28000068665,1,0.1,-1.66533543029e-18,0.0184140010643,-4.02480443469e-18
9.36000061035,1,0.1,-1.76941873959e-18,0.018538000946,-3.26824089278e-17
9.44000053406,1,0.1,-1.87350204889e-18,0.0186620008278,-6.13400134209e-17
9.52000045776,1,0.1,-1.97758535818e-18,0.0187860007095,-8.9997617914e-17
9.60000038147,1,0.1,-2.08166866748e-18,0.0189100005913,-1.18655222407e-16
9.68000030518,1,0.1,-2.18575197678e-18,0.019034000473,-1.473128269e-16
9.76000022888,1,0.1,-2.28983528607e-18,0.0191580003548,-1.75970431393e-16
9.84000015259,1,0.1,-2.39391859537e-18,0.0192820002365,-2.04628035886e-16
9.92000007629,1,0.1,-2.49800190467e-18,0.0194060001183,-2.33285640379e-16
10,1,0.1,-2.60208521397e-18,0.01953,-2.61943244873e-16
10.0799999237,1,0.1,-2.49800190467e-18,0.0196459998894,-2.32730529397e-16
10.1599998474,1,0.1,-2.39391859537e-18,0.0197619997787,-2.03517813921e-16
10.2399997711,1,0.1,-2.28983528607e-18,0.0198779996681,-1.74305098445e-16
10.3199996948,1,0.1,-2.18575197678e-18,0.0199939995575,-1.45092382968e-16
10.3999996185,1,0.1,-2.08166866748e-18,0.0201099994469,-1.15879667492e-16
10.4799995422,1,0.1,-1.97758535818e-18,0.0202259993362,-8.66669520165e-17
10.5599994659,1,0.1,-1.87350204889e-18,0.0203419992256,-5.74542365405e-17
10.6399993896,1,0.1,-1.76941873959e-18,0.020457999115,-2.82415210645e-17
10.7199993134,1,0.1,-1.66533543029e-18,0.0205739990044,9.7119441156e-19
10.7999992371,1,0.1,-1.561252121e-18,0.0206899988937,3.01839098876e-17
10.8799991608,1,0.1,-1.4571688117e-18,0.0208059987831,5.93966253636e-17
10.9599990845,1,0.1,-1.3530855024e-18,0.0209219986725,8.86093408396e-17
11.0400009155,1,0.1,-1.24899971156e-18,0.0210380013275,1.17822752802e-16
11.1200008392,1,0.1,-1.14491640227e-18,0.0211540012169,1.47035468278e-16
11.2000007629,1,0.1,-1.04083309297e-18,0.0212700011063,1.76248183754e-16
11.2800006866,1,0.1,-9.36749783673e-19,0.0213860009956,2.0546089923e-16
11.3600006104,1,0.1,-8.32666474376e-19,0.021502000885,2.34673614706e-16
11.4400005341,1,0.1,-7.28583165079e-19,0.0216180007744,2.63886330182e-16
11.5200004578,1,0.1,-6.24499855782e-19,0.0217340006638,2.93099045658e-16
11.6000003815,1,0.1,-5.20416546485e-19,0.0218500005531,3.22311761134e-16
11.6800003052,1,0.1,-4.16333237188e-19,0.0219660004425,3.5152447661e-16
11.7600002289,1,0.1,-3.12249927891e-19,0.0220820003319,3.80737192086e-16
11.8400001526,1,0.1,-2.08166618594e-19,0.0221980002212,4.09949907562e-16
11.9200000763,1,0.1,-1.04083309297e-19,0.0223140001106,4.39162623038e-16
12,1,0.1,-6.25362994638e-36,0.02243,4.68375338514e-16
12.0799999237,1,0.1,-6.93888728646e-20,0.022537999897,4.35623790522e-16
12.1599998474,1,0.1,-1.38777745729e-19,0.022645999794,4.0287224253e-16
12.2399997711,1,0.1,-2.08166618594e-19,0.022753999691,3.70120694537e-16
12.3199996948,1,0.1,-2.77555491459e-19,0.022861999588,3.37369146545e-16
12.3999996185,1,0.1,-3.46944364323e-19,0.022969999485,3.04617598553e-16
12.4799995422,1,0.1,-4.16333237188e-19,0.023077999382,2.71866050561e-16
12.5599994659,1,0.1,-4.85722110052e-19,0.023185999279,2.39114502569e-16
12.6399993896,1,0.1,-5.55110982917e-19,0.023293999176,2.06362954577e-16
12.7199993134,1,0.1,-6.24499855782e-19,0.023401999073,1.73611406585e-16
12.7999992371,1,0.1,-6.93888728646e-19,0.02350999897,1.40859858593e-16
12.8799991608,1,0.1,-7.63277601511e-19,0.023617998867,1.08108310601e-16
12.9599990845,1,0.1,-8.32666474376e-19,0.023725998764,7.53567626085e-17
13.0400009155,1,0.1,-9.02057001601e-19,0.023834001236,4.26044337579e-17
13.1200008392,1,0.1,-9.71445874466e-19,0.023942001133,9.85288576581e-18
13.2000007629,1,0.1,-1.04083474733e-18,0.02405000103,-2.28986622263e-17
13.2800006866,1,0.1,-1.1102236202e-18,0.024158000927,-5.56502102184e-17
13.3600006104,1,0.1,-1.17961249306e-18,0.024266000824,-8.84017582105e-17
13.4400005341,1,0.1,-1.24900136592e-18,0.024374000721,-1.21153306203e-16
13.5200004578,1,0.1,-1.31839023879e-18,0.024482000618,-1.53904854195e-16
13.6000003815,1,0.1,-1.38777911165e-18,0.024590000515,-1.86656402187e-16
13.6800003052,1,0.1,-1.45716798452e-18,0.024698000412,-2.19407950179e-16
13.7600002289,1,0.1,-1.52655685738e-18,0.024806000309,-2.52159498171e-16
13.8400001526,1,0.1,-1.59594573025e-18,0.024914000206,-2.84911046163e-16
13.9200000763,1,0.1,-1.66533460311e-18,0.025022000103,-3.17662594155e-16
14,1,0.1,-1.73472347598e-18,0.02513,-3.50414142147e-16
14.0799999237,1,0.1,-1.66533460311e-18,0.0252299999046,-3.18078927392e-16
14.1599998474,1,0.1,-1.59594573025e-18,0.0253299998093,-2.85743712638e-16
14.2399997711,1,0.1,-1.52655685738e-18,0.0254299997139,-2.53408497883e-16
14.3199996948,1,0.1,-1.45716798452e-18,0.0255299996185,-2.21073283128e-16
14.3999996185,1,0.1,-1.38777911165e-18,0.0256299995232,-1.88738068373e-16
14.4799995422,1,0.1,-1.31839023879e-18,0.0257299994278,-1.56402853618e-16
14.5599994659,1,0.1,-1.24900136592e-18,0.0258299993324,-1.24067638863e-16
14.6399993896,1,0.1,-1.17961249306e-18,0.0259299992371,-9.1732424108e-17
14.7199993134,1,0.1,-1.1102236202e-18,0.0260299991417,-5.93972093531e-17
14.7999992371,1,0.1,-1.04083474733e-18,0.0261299990463,-2.70619945982e-17
14.8799991608,1,0.1,-9.71445874466e-19,0.026229998951,5.27322015674e-18
14.9599990845,1,0.1,-9.02057001601e-19,0.0263299988556,3.76084349117e-17
15.0400009155,1,0.1,-8.32666474376e-19,0.0264300011444,6.99444205989e-17
15.1200008392,1,0.1,-7.63277601511e-19,0.026530001049,1.02279635354e-16
15.2000007629,1,0.1,-6.93888728646e-19,0.0266300009537,1.34614850109e-16
15.2800006866,1,0.1,-6.24499855782e-19,0.0267300008583,1.66950064864e-16
15.3600006104,1,0.1,-5.55110982917e-19,0.0268300007629,1.99285279619e-16
15.4400005341,1,0.1,-4.85722110052e-19,0.0269300006676,2.31620494374e-16
15.5200004578,1,0.1,-4.16333237188e-19,0.0270300005722,2.63955709128e-16
15.6000003815,1,0.1,-3.46944364323e-19,0.0271300004768,2.96290923883e-16
15.6800003052,1,0.1,-2.77555491459e-19,0.0272300003815,3.28626138638e-16
15.7600002289,1,0.1,-2.08166618594e-19,0.0273300002861,3.60961353393e-16
15.8400001526,1,0.1,-1.38777745729e-19,0.0274300001907,3.93296568148e-16
15.9200000763,1,0.1,-6.93888728646e-20,0.0275300000954,4.25631782903e-16
16,1,0.1,2.23343926656e-36,0.02763,4.57966997658e-16
16.0799999237,1,0.1,2.1441017811e-36,0.0277219999123,4.27435893598e-16
16.1599998474,1,0.1,2.05476429564e-36,0.0278139998245,3.96904789537e-16
16.2399997711,1,0.1,1.96542681017e-36,0.0279059997368,3.66373685477e-16
16.3199996948,1,0.1,1.87608932471e-36,0.027997999649,3.35842581416e-16
16.3999996185,1,0.1,1.78675183924e-36,0.0280899995613,3.05311477356e-16
16.4799995422,1,0.1,1.69741435378e-36,0.0281819994736,2.74780373295e-16
16.5599994659,1,0.1,1.60807686832e-36,0.0282739993858,2.44249269235e-16
16.6399993896,1,0.1,1.51873938285e-36,0.0283659992981,2.13718165174e-16
16.7199993134,1,0.1,1.42940189739e-36,0.0284579992104,1.83187061114e-16
16.7999992371,1,0.1,1.34006441193e-36,0.0285499991226,1.52655957054e-16
16.8799991608,1,0.1,1.25072692646e-36,0.0286419990349,1.22124852993e-16
16.9599990845,1,0.1,1.161389441e-36,0.0287339989471,9.15937489327e-17
17.0400009155,1,0.1,1.07204982556e-36,0.0288260010529,6.10619169533e-17
17.1200008392,1,0.1,9.82712340099e-37,0.0289180009651,3.05308128929e-17
17.2000007629,1,0.1,8.93374854636e-37,0.0290100008774,-2.91167575619e-22
17.2800006866,1,0.1,8.04037369172e-37,0.0291020007896,-3.0531395228e-17
17.3600006104,1,0.1,7.14699883709e-37,0.0291940007019,-6.10624992885e-17
17.4400005341,1,0.1,6.25362398245e-37,0.0292860006142,-9.15936033489e-17
17.5200004578,1,0.1,5.36024912781e-37,0.0293780005264,-1.22124707409e-16
17.6000003815,1,0.1,4.46687427318e-37,0.0294700004387,-1.5265581147e-16
17.6800003052,1,0.1,3.57349941854e-37,0.0295620003509,-1.8318691553e-16
17.7600002289,1,0.1,2.68012456391e-37,0.0296540002632,-2.13718019591e-16
17.8400001526,1,0.1,1.78674970927e-37,0.0297460001755,-2.44249123651e-16
17.9200000763,1,0.1,8.93374854636e-38,0.0298380000877,-2.74780227712e-16
18,1,0.1,0,0.02993,-3.05311331772e-16
18.0799999237,1,0.1,1.73472182162e-19,0.0300139999199,-2.73461839127e-16
18.1599998474,1,0.1,3.46944364323e-19,0.0300979998398,-2.41612346482e-16
18.2399997711,1,0.1,5.20416546485e-19,0.0301819997597,-2.09762853837e-16
18.3199996948,1,0.1,6.93888728646e-19,0.0302659996796,-1.77913361193e-16
18.3999996185,1,0.1,8.67360910808e-19,0.0303499995995,-1.46063868548e-16
18.4799995422,1,0.1,1.04083309297e-18,0.0304339995193,-1.14214375903e-16
18.5599994659,1,0.1,1.21430527513e-18,0.0305179994392,-8.23648832579e-17
18.6399993896,1,0.1,1.38777745729e-18,0.0306019993591,-5.0515390613e-17
18.7199993134,1,0.1,1.56124963945e-18,0.030685999279,-1.86658979682e-17
18.7999992371,1,0.1,1.73472182162e-18,0.0307699991989,1.31835946767e-17
18.8799991608,1,0.1,1.90819400378e-18,0.0308539991188,4.50330873216e-17
18.9599990845,1,0.1,2.08166618594e-18,0.0309379990387,7.68825799664e-17
19.0400009155,1,0.1,2.255142504e-18,0.0310220009613,1.08732831963e-16
19.1200008392,1,0.1,2.42861468617e-18,0.0311060008812,1.40582324608e-16
19.2000007629,1,0.1,2.60208686833e-18,0.0311900008011,1.72431817253e-16
19.2800006866,1,0.1,2.77555905049e-18,0.031274000721,2.04281309898e-16
19.3600006104,1,0.1,2.94903123265e-18,0.0313580006409,2.36130802543e-16
19.4400005341,1,0.1,3.12250341481e-18,0.0314420005608,2.67980295187e-16
19.5200004578,1,0.1,3.29597559697e-18,0.0315260004806,2.99829787832e-16
19.6000003815,1,0.1,3.46944777913e-18,0.0316100004005,3.31679280477e-16
19.6800003052,1,0.1,3.6429199613e-18,0.0316940003204,3.63528773122e-16
19.7600002289,1,0.1,3.81639214346e-18,0.0317780002403,3.95378265767e-16
19.8400001526,1,0.1,3.98986432562e-18,0.0318620001602,4.27227758412e-16
19.9200000763,1,0.1,4.16333650778e-18,0.0319460000801,4.59077251057e-16
20,1,0.1,4.33680868994e-18,0.03203,4.90926743702e-16
20.0799999237,1,0.1,4.05925319848e-18,0.0321059999275,4.64281416522e-16
20.1599998474,1,0.1,3.78169770703e-18,0.032181999855,4.37636089341e-16
20.2399997711,1,0.1,3.50414221557e-18,0.0322579997826,4.10990762161e-16
20.3199996948,1,0.1,3.22658672411e-18,0.0323339997101,3.84345434981e-16
20.3999996185,1,0.1,2.94903123265e-18,0.0324099996376,3.57700107801e-16
20.4799995422,1,0.1,2.67147574119e-18,0.0324859995651,3.31054780621e-16
20.5599994659,1,0.1,2.39392024973e-18,0.0325619994926,3.04409453441e-16
20.6399993896,1,0.1,2.11636475827e-18,0.0326379994202,2.77764126261e-16
20.7199993134,1,0.1,1.83880926682e-18,0.0327139993477,2.51118799081e-16
20.7999992371,1,0.1,1.56125377536e-18,0.0327899992752,2.24473471901e-16
20.8799991608,1,0.1,1.2836982839e-18,0.0328659992027,1.97828144721e-16
20.9599990845,1,0.1,1.00614279244e-18,0.0329419991302,1.71182817541e-16
21.0400009155,1,0.1,7.28580683537e-19,0.0330180008697,1.44536855087e-16
21.1200008392,1,0.1,4.51025192078e-19,0.0330940007973,1.17891527907e-16
21.2000007629,1,0.1,1.7346970062e-19,0.0331700007248,9.12462007265e-17
21.2800006866,1,0.1,-1.04085790839e-19,0.0332460006523,6.46008735465e-17
21.3600006104,1,0.1,-3.81641282297e-19,0.0333220005798,3.79555463665e-17
21.4400005341,1,0.1,-6.59196773756e-19,0.0333980005073,1.13102191865e-17
21.5200004578,1,0.1,-9.36752265214e-19,0.0334740004349,-1.53351079936e-17
21.6000003815,1,0.1,-1.21430775667e-18,0.0335500003624,-4.19804351736e-17
21.6800003052,1,0.1,-1.49186324813e-18,0.0336260002899,-6.86257623536e-17
21.7600002289,1,0.1,-1.76941873959e-18,0.0337020002174,-9.52710895336e-17
21.8400001526,1,0.1,-2.04697423105e-18,0.033778000145,-1.21916416714e-16
21.9200000763,1,0.1,-2.32452972251e-18,0.0338540000725,-1.48561743894e-16
22,1,0.1,-2.60208521397e-18,0.03393,-1.75207071074e-16
22.0799999237,1,0.1,-2.56739077753e-18,0.0339979999351,-1.50435243461e-16
22.1599998474,1,0.1,-2.5326963411e-18,0.0340659998703,-1.25663415848e-16
22.2399997711,1,0.1,-2.49800190467e-18,0.0341339998054,-1.00891588236e-16
22.3199996948,1,0.1,-2.46330746824e-18,0.0342019997406,-7.6119760623e-17
22.3999996185,1,0.1,-2.4286130318e-18,0.0342699996757,-5.13479330103e-17
22.4799995422,1,0.1,-2.39391859537e-18,0.0343379996109,-2.65761053976e-17
22.5599994659,1,0.1,-2.35922415894e-18,0.034405999546,-1.80427778496e-18
22.6399993896,1,0.1,-2.32452972251e-18,0.0344739994812,2.29675498277e-17
22.7199993134,1,0.1,-2.28983528607e-18,0.0345419994163,4.77393774404e-17
22.7999992371,1,0.1,-2.25514084964e-18,0.0346099993515,7.25112050531e-17
22.8799991608,1,0.1,-2.22044641321e-18,0.0346779992866,9.72830326657e-17
22.9599990845,1,0.1,-2.18575197678e-18,0.0347459992218,1.22054860278e-16
23.0400009155,1,0.1,-2.15105671316e-18,0.0348140007782,1.46827278498e-16
23.1200008392,1,0.1,-2.11636227673e-18,0.0348820007133,1.71599106111e-16
23.2000007629,1,0.1,-2.0816678403e-18,0.0349500006485,1.96370933723e-16
23.2800006866,1,0.1,-2.04697340387e-18,0.0350180005836,2.21142761336e-16
23.3600006104,1,0.1,-2.01227896744e-18,0.0350860005188,2.45914588949e-16
23.4400005341,1,0.1,-1.977584531e-18,0.0351540004539,2.70686416561e-16
23.5200004578,1,0.1,-1.94289009457e-18,0.0352220003891,2.95458244174e-16
23.6000003815,1,0.1,-1.90819565814e-18,0.0352900003242,3.20230071787e-16
23.6800003052,1,0.1,-1.87350122171e-18,0.0353580002594,3.45001899399e-16
23.7600002289,1,0.1,-1.83880678527e-18,0.0354260001945,3.69773727012e-16
23.8400001526,1,0.1,-1.80411234884e-18,0.0354940001297,3.94545554625e-16
23.9200000763,1,0.1,-1.76941791241e-18,0.0355620000648,4.19317382237e-16
24,1,0.1,-1.73472347598e-18,0.03563,4.4408920985e-16
24.0799999237,1,0.1,-1.59594573025e-18,0.0356899999428,4.13835661281e-16
24.1599998474,1,0.1,-1.45716798452e-18,0.0357499998856,3.83582112712e-16
24.2399997711,1,0.1,-1.31839023879e-18,0.0358099998283,3.53328564143e-16
24.3199996948,1,0.1,-1.17961249306e-18,0.0358699997711,3.23075015574e-16
24.3999996185,1,0.1,-1.04083474733e-18,0.0359299997139,2.92821467005e-16
24.4799995422,1,0.1,-9.02057001601e-19,0.0359899996567,2.62567918436e-16
24.5600013733,1,0.1,-7.63277601511e-19,0.0360500003147,2.32314009217e-16
24.6399993896,1,0.1,-6.24499855782e-19,0.0361100002575,2.02060460648e-16
24.7200012207,1,0.1,-4.85722110052e-19,0.0361700002003,1.71806912079e-16
24.7999992371,1,0.1,-3.46944364323e-19,0.036230000143,1.4155336351e-16
24.8800010681,1,0.1,-2.08166618594e-19,0.0362900000858,1.11299814941e-16
24.9599990845,1,0.1,-6.93888728646e-20,0.0363500000286,8.10462663716e-17
25.0400009155,1,0.1,6.93888728646e-20,0.0364099999714,5.07927178026e-17
25.1199989319,1,0.1,2.08166618594e-19,0.0364699999142,2.05391692337e-17
25.2000007629,1,0.1,3.46944364323e-19,0.0365299998569,-9.71437933532e-18
25.2799987793,1,0.1,4.85722110052e-19,0.0365899997997,-3.99679279043e-17
25.3600006104,1,0.1,6.24499855782e-19,0.0366499997425,-7.02214764733e-17
25.4399986267,1,0.1,7.63277601511e-19,0.0367099996853,-1.00475025042e-16
25.5200004578,1,0.1,9.02057001601e-19,0.0367700003433,-1.30728934262e-16
25.6000003815,1,0.1,1.04083474733e-18,0.0368300002861,-1.60982482831e-16
25.6800003052,1,0.1,1.17961249306e-18,0.0368900002289,-1.912360314e-16
25.7600002289,1,0.1,1.31839023879e-18,0.0369500001717,-2.21489579969e-16
25.8400001526,1,0.1,1.45716798452e-18,0.0370100001144,-2.51743128538e-16
25.9200000763,1,0.1,1.59594573025e-18,0.0370700000572,-2.81996677107e-16
26,1,0.1,1.73472347598e-18,0.03713,-3.12250225676e-16
26.0799999237,1,0.1,1.70002903954e-18,0.0371819999504,-2.79706844302e-16
26.1599998474,1,0.1,1.66533460311e-18,0.0372339999008,-2.47163462929e-16
26.2399997711,1,0.1,1.63064016668e-18,0.0372859998512,-2.14620081555e-16
26.3199996948,1,0.1,1.59594573025e-18,0.0373379998016,-1.82076700182e-16
26.3999996185,1,0.1,1.56125129382e-18,0.037389999752,-1.49533318808e-16
26.4799995422,1,0.1,1.52655685738e-18,0.0374419997024,-1.16989937435e-16
26.5600013733,1,0.1,1.49186200736e-18,0.0374940002727,-8.44461681136e-17
26.6399993896,1,0.1,1.45716757093e-18,0.0375460002232,-5.19027867401e-17
26.7200012207,1,0.1,1.4224731345e-18,0.0375980001736,-1.93594053665e-17
26.7999992371,1,0.1,1.38777869806e-18,0.037650000124,1.3183976007e-17
26.8800010681,1,0.1,1.35308426163e-18,0.0377020000744,4.57273573805e-17
26.9599990845,1,0.1,1.3183898252e-18,0.0377540000248,7.8270738754e-17
27.0400009155,1,0.1,1.28369538877e-18,0.0378059999752,1.10814120128e-16
27.1199989319,1,0.1,1.24900095233e-18,0.0378579999256,1.43357501501e-16
27.2000007629,1,0.1,1.2143065159e-18,0.037909999876,1.75900882875e-16
27.2799987793,1,0.1,1.17961207947e-18,0.0379619998264,2.08444264248e-16
27.3600006104,1,0.1,1.14491764304e-18,0.0380139997768,2.40987645622e-16
27.4399986267,1,0.1,1.11022320661e-18,0.0380659997272,2.73531026995e-16
27.5200004578,1,0.1,1.07552835658e-18,0.0381180002975,3.06074796316e-16
27.6000003815,1,0.1,1.04083392015e-18,0.0381700002479,3.3861817769e-16
27.6800003052,1,0.1,1.00613948372e-18,0.0382220001984,3.71161559063e-16
27.7600002289,1,0.1,9.71445047286e-19,0.0382740001488,4.03704940437e-16
27.8400001526,1,0.1,9.36750610853e-19,0.0383260000992,4.3624832181e-16
27.9200000763,1,0.1,9.02056174421e-19,0.0383780000496,4.68791703184e-16
28,1,0.1,8.67361737989e-19,0.03843,5.01335084557e-16
28.0799999237,1,0.1,1.00613948372e-18,0.038473999958,4.69693758531e-16
28.1599998474,1,0.1,1.14491722945e-18,0.0385179999161,4.38052432505e-16
28.2399997711,1,0.1,1.28369497518e-18,0.0385619998741,4.06411106479e-16
28.3199996948,1,0.1,1.42247272091e-18,0.0386059998321,3.74769780452e-16
28.3999996185,1,0.1,1.56125046663e-18,0.0386499997902,3.43128454426e-16
28.4799995422,1,0.1,1.70002821236e-18,0.0386939997482,3.114871284e-16
28.5600013733,1,0.1,1.83880761245e-18,0.0387380002308,2.79845425179e-16
28.6399993896,1,0.1,1.97758535818e-18,0.0387820001888,2.48204099153e-16
28.7200012207,1,0.1,2.11636310391e-18,0.0388260001469,2.16562773127e-16
28.7999992371,1,0.1,2.25514084964e-18,0.0388700001049,1.849214471e-16
28.8800010681,1,0.1,2.39391859537e-18,0.0389140000629,1.53280121074e-16
28.9599990845,1,0.1,2.5326963411e-18,0.038958000021,1.21638795048e-16
29.0400009155,1,0.1,2.67147408683e-18,0.039001999979,8.99974690215e-17
29.1199989319,1,0.1,2.81025183256e-18,0.039045999937,5.83561429952e-17
29.2000007629,1,0.1,2.94902957829e-18,0.0390899998951,2.67148169689e-17
29.2799987793,1,0.1,3.08780732402e-18,0.0391339998531,-4.92650905735e-18
29.3600006104,1,0.1,3.22658506975e-18,0.0391779998112,-3.65678350836e-17
29.4399986267,1,0.1,3.36536281548e-18,0.0392219997692,-6.82091611099e-17
29.5200004578,1,0.1,3.50414221557e-18,0.0392660002518,-9.98508643305e-17
29.6000003815,1,0.1,3.6429199613e-18,0.0393100002098,-1.31492190357e-16
29.6800003052,1,0.1,3.78169770703e-18,0.0393540001678,-1.63133516383e-16
29.7600002289,1,0.1,3.92047545275e-18,0.0393980001259,-1.94774842409e-16
29.8400001526,1,0.1,4.05925319848e-18,0.0394420000839,-2.26416168436e-16
29.9200000763,1,0.1,4.19803094421e-18,0.039486000042,-2.58057494462e-16
30,1,0.1,4.33680868994e-18,0.03953,-2.89698820488e-16
30.0799999237,1,0.1,4.33680868994e-18,0.0395659999657,-2.65135159494e-16
30.1599998474,1,0.1,4.33680868994e-18,0.0396019999313,-2.405714985e-16
30.2399997711,1,0.1,4.33680868994e-18,0.039637999897,-2.16007837506e-16
30.3199996948,1,0.1,4.33680868994e-18,0.0396739998627,-1.91444176512e-16
30.3999996185,1,0.1,4.33680868994e-18,0.0397099998283,-1.66880515518e-16
30.4799995422,1,0.1,4.33680868994e-18,0.039745999794,-1.42316854524e-16
30.5600013733,1,0.1,4.33680868994e-18,0.0397820001888,-1.17752900708e-16
30.6399993896,1,0.1,4.33680868994e-18,0.0398180001545,-9.31892397136e-17
30.7200012207,1,0.1,4.33680868994e-18,0.0398540001202,-6.86255787195e-17
30.7999992371,1,0.1,4.33680868994e-18,0.0398900000858,-4.40619177254e-17
30.8800010681,1,0.1,4.33680868994e-18,0.0399260000515,-1.94982567314e-17
30.9599990845,1,0.1,4.33680868994e-18,0.0399620000172,5.06540426273e-18
31.0400009155,1,0.1,4.33680868994e-18,0.0399979999828,2.96290652568e-17
31.1199989319,1,0.1,4.33680868994e-18,0.0400339999485,5.41927262509e-17
31.2000007629,1,0.1,4.33680868994e-18,0.0400699999142,7.8756387245e-17
31.2799987793,1,0.1,4.33680868994e-18,0.0401059998798,1.03320048239e-16
31.3600006104,1,0.1,4.33680868994e-18,0.0401419998455,1.27883709233e-16
31.4399986267,1,0.1,4.33680868994e-18,0.0401779998112,1.52447370227e-16
31.5200004578,1,0.1,4.33680868994e-18,0.040214000206,1.77011324043e-16
31.6000003815,1,0.1,4.33680868994e-18,0.0402500001717,2.01574985037e-16
31.6800003052,1,0.1,4.33680868994e-18,0.0402860001373,2.26138646031e-16
31.7600002289,1,0.1,4.33680868994e-18,0.040322000103,2.50702307025e-16
31.8400001526,1,0.1,4.33680868994e-18,0.0403580000687,2.7526596802e-16
31.9200000763,1,0.1,4.33680868994e-18,0.0403940000343,2.99829629014e-16
32,1,0.1,4.33680868994e-18,0.04043,3.24393290008e-16
32.0800018311,1,0.1,4.19803094421e-18,0.0404579999733,3.01494961962e-16
32.1599998474,1,0.1,4.05925319848e-18,0.0404859999466,2.78596633917e-16
32.2399978638,1,0.1,3.92047545275e-18,0.0405139999199,2.55698305872e-16
32.3199996948,1,0.1,3.78169687985e-18,0.0405420000601,2.32799841342e-16
32.4000015259,1,0.1,3.64291913412e-18,0.0405700000334,2.09901513296e-16
32.4799995422,1,0.1,3.50414138839e-18,0.0405980000067,1.87003185251e-16
32.5600013733,1,0.1,3.36536364266e-18,0.04062599998,1.64104857206e-16
32.6399993896,1,0.1,3.22658589693e-18,0.0406539999533,1.4120652916e-16
32.7200012207,1,0.1,3.0878081512e-18,0.0406819999266,1.18308201115e-16
32.7999992371,1,0.1,2.94902957829e-18,0.0407100000667,9.54097365848e-17
32.8800010681,1,0.1,2.81025183256e-18,0.04073800004,7.25114085395e-17
32.9599990845,1,0.1,2.67147408683e-18,0.0407660000133,4.96130804942e-17
33.0400009155,1,0.1,2.5326963411e-18,0.0407939999866,2.67147524488e-17
33.1199989319,1,0.1,2.39391859537e-18,0.0408219999599,3.8164244035e-18
33.2000007629,1,0.1,2.25514084964e-18,0.0408499999332,-1.90819036418e-17
33.2799987793,1,0.1,2.11636227673e-18,0.0408780000734,-4.1980368172e-17
33.3600006104,1,0.1,1.977584531e-18,0.0409060000467,-6.48786962173e-17
33.4399986267,1,0.1,1.83880678527e-18,0.04093400002,-8.77770242626e-17
33.5200004578,1,0.1,1.70002903954e-18,0.0409619999933,-1.10675352308e-16
33.5999984741,1,0.1,1.56125129382e-18,0.0409899999666,-1.33573680353e-16
33.6800003052,1,0.1,1.42247354809e-18,0.0410179999399,-1.56472008399e-16
33.7600021362,1,0.1,1.28369497518e-18,0.0410460000801,-1.79370472929e-16
33.8400001526,1,0.1,1.14491722945e-18,0.0410740000534,-2.02268800974e-16
33.9199981689,1,0.1,1.00613948372e-18,0.0411020000267,-2.25167129019e-16
34,1,0.1,8.67361737989e-19,0.04113,-2.48065457065e-16
34.0800018311,1,0.1,8.32667301556e-19,0.0411499999809,-2.20518074537e-16
34.1599998474,1,0.1,7.97972865124e-19,0.0411699999618,-1.9297069201e-16
34.2399978638,1,0.1,7.63278428692e-19,0.0411899999428,-1.65423309483e-16
34.3199996948,1,0.1,7.28583785464e-19,0.0412100000429,-1.3787576276e-16
34.4000015259,1,0.1,6.93889349032e-19,0.0412300000238,-1.10328380233e-16
34.4799995422,1,0.1,6.59194912599e-19,0.0412500000048,-8.27809977058e-17
34.5600013733,1,0.1,6.24500476167e-19,0.0412699999857,-5.52336151786e-17
34.6399993896,1,0.1,5.89806039735e-19,0.0412899999666,-2.76862326513e-17
34.7200012207,1,0.1,5.55111603303e-19,0.0413099999475,-1.38850124033e-19
34.7999992371,1,0.1,5.20416960075e-19,0.0413300000477,2.74086965986e-17
34.8800010681,1,0.1,4.85722523643e-19,0.0413500000286,5.49560791258e-17
34.9599990845,1,0.1,4.5102808721e-19,0.0413700000095,8.25034616531e-17
35.0400009155,1,0.1,4.16333650778e-19,0.0413899999905,1.1005084418e-16
35.1199989319,1,0.1,3.81639214346e-19,0.0414099999714,1.37598226708e-16
35.2000007629,1,0.1,3.46944777913e-19,0.0414299999523,1.65145609235e-16
35.2799987793,1,0.1,3.12250134686e-19,0.0414500000524,1.92693155957e-16
35.3600006104,1,0.1,2.77555698254e-19,0.0414700000334,2.20240538485e-16
35.4399986267,1,0.1,2.42861261821e-19,0.0414900000143,2.47787921012e-16
35.5200004578,1,0.1,2.08166825389e-19,0.0415099999952,2.75335303539e-16
35.5999984741,1,0.1,1.73472388957e-19,0.0415299999761,3.02882686067e-16
35.6800003052,1,0.1,1.38777952524e-19,0.0415499999571,3.30430068594e-16
35.7600021362,1,0.1,1.04083309297e-19,0.0415700000572,3.57977615316e-16
35.8400001526,1,0.1,6.93888728646e-20,0.0415900000381,3.85524997844e-16
35.9199981689,1,0.1,3.46944364323e-20,0.0416100000191,4.13072380371e-16
36,1,0.1,0,0.04163,4.40619762898e-16
36.0800018311,1,0.1,3.46944364323e-20,0.0416419999885,4.11545825168e-16
36.1599998474,1,0.1,6.93889762622e-20,0.0416540000129,3.8247180079e-16
36.2400016785,1,0.1,1.04083412695e-19,0.0416660000014,3.5339786306e-16
36.3199996948,1,0.1,1.38777849127e-19,0.04167799999,3.2432392533e-16
36.4000015259,1,0.1,1.73472388957e-19,0.0416900000143,2.95249900952e-16
36.4799995422,1,0.1,2.08166825389e-19,0.0417020000028,2.66175963222e-16
36.5600013733,1,0.1,2.42861261821e-19,0.0417139999914,2.37102025492e-16
36.6399993896,1,0.1,2.77555801651e-19,0.0417260000157,2.08028001114e-16
36.7200012207,1,0.1,3.12250238084e-19,0.0417380000043,1.78954063384e-16
36.7999992371,1,0.1,3.46944674516e-19,0.0417499999928,1.49880125654e-16
36.8800010681,1,0.1,3.81639214346e-19,0.0417620000172,1.20806101276e-16
36.9599990845,1,0.1,4.16333650778e-19,0.0417740000057,9.17321635461e-17
37.0400009155,1,0.1,4.5102808721e-19,0.0417859999943,6.26582258158e-17
37.1199989319,1,0.1,4.85722523643e-19,0.0417979999828,3.35842880856e-17
37.2000007629,1,0.1,5.20417063473e-19,0.0418100000071,4.51026370811e-18
37.2799987793,1,0.1,5.55111499905e-19,0.0418219999957,-2.45636740222e-17
37.3600006104,1,0.1,5.89805936337e-19,0.0418339999843,-5.36376117525e-17
37.4399986267,1,0.1,6.24500476167e-19,0.0418460000086,-8.27116361299e-17
37.5200004578,1,0.1,6.59194912599e-19,0.0418579999971,-1.1178557386e-16
37.5999984741,1,0.1,6.93889349032e-19,0.0418699999857,-1.4085951159e-16
37.6800003052,1,0.1,7.28583888862e-19,0.04188200001,-1.69933535968e-16
37.7599983215,1,0.1,7.63278325294e-19,0.0418939999986,-1.99007473698e-16
37.8400001526,1,0.1,7.97972761726e-19,0.0419059999871,-2.28081411428e-16
37.9199981689,1,0.1,8.32667301556e-19,0.0419180000114,-2.57155435806e-16
38,1,0.1,8.67361737989e-19,0.04193,-2.86229373536e-16
38.0800018311,1,0.1,7.97972761726e-19,0.0419340000021,-2.55559446028e-16
38.1599998474,1,0.1,7.28583888862e-19,0.0419379999983,-2.24889564222e-16
38.2400016785,1,0.1,6.59194912599e-19,0.0419420000005,-1.94219636714e-16
38.3199996948,1,0.1,5.89805936337e-19,0.0419460000026,-1.63549709206e-16
38.4000015259,1,0.1,5.20417063473e-19,0.0419499999988,-1.328798274e-16
38.4799995422,1,0.1,4.5102808721e-19,0.0419540000009,-1.02209899892e-16
38.5600013733,1,0.1,3.81639214346e-19,0.0419579999971,-7.15400180861e-17
38.6399993896,1,0.1,3.12250238084e-19,0.0419619999993,-4.08700905782e-17
38.7200012207,1,0.1,2.42861261821e-19,0.0419660000014,-1.02001630703e-17
38.7999992371,1,0.1,1.73472388957e-19,0.0419699999976,2.04697187358e-17
38.8800010681,1,0.1,1.04083412695e-19,0.0419739999997,5.11396462437e-17
38.9599990845,1,0.1,3.46944364323e-20,0.0419780000019,8.18095737516e-17
39.0400009155,1,0.1,-3.46944881311e-20,0.0419820000011,1.12479478409e-16
39.1199989319,1,0.1,-1.04083412695e-19,0.0419860000002,1.43149383066e-16
39.2000007629,1,0.1,-1.73472337258e-19,0.0419899999994,1.73819287723e-16
39.2799987793,1,0.1,-2.42861261821e-19,0.0419939999986,2.0448919238e-16
39.3600006104,1,0.1,-3.12250238084e-19,0.0419980000007,2.35159119888e-16
39.4399986267,1,0.1,-3.81639162647e-19,0.0420019999999,2.65829024545e-16
39.5200004578,1,0.1,-4.5102811306e-19,0.0420060000005,2.96498940627e-16
39.5999984741,1,0.1,-5.20417037623e-19,0.0420099999997,3.27168845284e-16
39.6800003052,1,0.1,-5.89805988036e-19,0.0420140000003,3.57838761367e-16
39.7599983215,1,0.1,-6.59194925524e-19,0.0420180000003,3.88508671736e-16
39.8400001526,1,0.1,-7.28583863012e-19,0.0420220000002,4.19178582106e-16
39.9199981689,1,0.1,-7.979728005e-19,0.0420260000001,4.49848492476e-16
40,1,0.1,-8.67361737989e-19,0.04203,4.80518402846e-16
40.0800018311,1,0.1,-9.36750675477e-19,0.0420260000001,4.47072934976e-16
40.1599998474,1,0.1,-1.00613961296e-18,0.0420220000002,4.13627467107e-16
40.2400016785,1,0.1,-1.07552855045e-18,0.0420180000003,3.80181999238e-16
40.3199996948,1,0.1,-1.14491748794e-18,0.0420140000003,3.46736531369e-16
40.4000015259,1,0.1,-1.21430643835e-18,0.0420099999997,3.1329105727e-16
40.4799995422,1,0.1,-1.28369536292e-18,0.0420060000005,2.7984559563e-16
40.5600013733,1,0.1,-1.35308431333e-18,0.0420019999999,2.46400121531e-16
40.6399993896,1,0.1,-1.42247323789e-18,0.0419980000007,2.12954659891e-16
40.7200012207,1,0.1,-1.49186221416e-18,0.0419939999986,1.79509173333e-16
40.7999992371,1,0.1,-1.56125113872e-18,0.0419899999994,1.46063711694e-16
40.8800010681,1,0.1,-1.63064006328e-18,0.0419860000002,1.12618250054e-16
40.9599990845,1,0.1,-1.70002898785e-18,0.0419820000011,7.91727884144e-17
41.0400009155,1,0.1,-1.76941791241e-18,0.0419780000019,4.57273267748e-17
41.1199989319,1,0.1,-1.83880688867e-18,0.0419739999997,1.22818402164e-17
41.2000007629,1,0.1,-1.90819586493e-18,0.0419699999976,-2.1163646342e-17
41.2799987793,1,0.1,-1.9775847378e-18,0.0419660000014,-5.46090830627e-17
41.3600006104,1,0.1,-2.04697371406e-18,0.0419619999993,-8.80545696211e-17
41.4399986267,1,0.1,-2.11636269032e-18,0.0419579999971,-1.21500056179e-16
41.5200004578,1,0.1,-2.18575156319e-18,0.0419540000009,-1.549454929e-16
41.5999984741,1,0.1,-2.25514053945e-18,0.0419499999988,-1.88390979459e-16
41.6800003052,1,0.1,-2.32452941231e-18,0.0419460000026,-2.21836416179e-16
41.7599983215,1,0.1,-2.39391838858e-18,0.0419420000005,-2.55281902738e-16
41.8400001526,1,0.1,-2.46330736484e-18,0.0419379999983,-2.88727389296e-16
41.9199981689,1,0.1,-2.5326962377e-18,0.0419340000021,-3.22172826017e-16
42,1,0.1,-2.60208521397e-18,0.04193,-3.55618312575e-16
42.0800018311,1,0.1,-2.35922415894e-18,0.0419180000114,-3.26544374845e-16
42.1599998474,1,0.1,-2.11636238013e-18,0.0419059999871,-2.97470350468e-16
42.2400016785,1,0.1,-1.8735013251e-18,0.0418939999986,-2.68396412737e-16
42.3199996948,1,0.1,-1.63064027008e-18,0.04188200001,-2.39322475007e-16
42.4000015259,1,0.1,-1.38777849127e-18,0.0418699999857,-2.1024845063e-16
42.4799995422,1,0.1,-1.14491743624e-18,0.0418579999971,-1.81174512899e-16
42.5600013733,1,0.1,-9.02056381216e-19,0.0418460000086,-1.52100575169e-16
42.6399993896,1,0.1,-6.59194602407e-19,0.0418339999843,-1.23026550792e-16
42.7200012207,1,0.1,-4.16333547381e-19,0.0418219999957,-9.39526130613e-17
42.7999992371,1,0.1,-1.73472492354e-19,0.0418100000071,-6.4878675331e-17
42.8800010681,1,0.1,6.93892864549e-20,0.0417979999828,-3.58046509535e-17
42.9599990845,1,0.1,3.12250341481e-19,0.0417859999943,-6.73071322324e-18
43.0400009155,1,0.1,5.55111396507e-19,0.0417740000057,2.2343224507e-17
43.1199989319,1,0.1,7.97972451534e-19,0.0417620000172,5.14171622373e-17
43.2000007629,1,0.1,1.04083423034e-18,0.0417499999928,8.04911866148e-17
43.2799987793,1,0.1,1.28369528537e-18,0.0417380000043,1.09565124345e-16
43.3600006104,1,0.1,1.5265563404e-18,0.0417260000157,1.38639062075e-16
43.4399986267,1,0.1,1.7694181192e-18,0.0417139999914,1.67713086453e-16
43.5200004578,1,0.1,2.01227917423e-18,0.0417020000028,1.96787024183e-16
43.5999984741,1,0.1,2.25514022926e-18,0.0416900000143,2.25860961913e-16
43.6800003052,1,0.1,2.49800200807e-18,0.04167799999,2.54934986291e-16
43.7599983215,1,0.1,2.74086306309e-18,0.0416660000014,2.84008924021e-16
43.8400001526,1,0.1,2.98372411812e-18,0.0416540000129,3.13082861751e-16
43.9199981689,1,0.1,3.22658589693e-18,0.0416419999885,3.42156886129e-16
44,1,0.1,3.46944695195e-18,0.04163,3.71230823859e-16
44.0800018311,1,0.1,3.33066920622e-18,0.0416100000191,3.44030385696e-16
44.1599998474,1,0.1,3.1918914605e-18,0.0415900000381,3.16829947533e-16
44.2399978638,1,0.1,3.05311371477e-18,0.0415700000572,2.8962950937e-16
44.3199996948,1,0.1,2.91433514186e-18,0.0415499999571,2.6242890908e-16
44.4000015259,1,0.1,2.77555739613e-18,0.0415299999761,2.35228470917e-16
44.4799995422,1,0.1,2.6367796504e-18,0.0415099999952,2.08028032754e-16
44.5600013733,1,0.1,2.49800190467e-18,0.0414900000143,1.80827594591e-16
44.6399993896,1,0.1,2.35922415894e-18,0.0414700000334,1.53627156428e-16
44.7200012207,1,0.1,2.22044641321e-18,0.0414500000524,1.26426718265e-16
44.7999992371,1,0.1,2.0816678403e-18,0.0414299999523,9.92261179749e-17
44.8800010681,1,0.1,1.94289009457e-18,0.0414099999714,7.2025679812e-17
44.9599990845,1,0.1,1.80411234884e-18,0.0413899999905,4.48252416491e-17
45.0400009155,1,0.1,1.66533460311e-18,0.0413700000095,1.76248034861e-17
45.1199989319,1,0.1,1.52655685738e-18,0.0413500000286,-9.57563467682e-18
45.2000007629,1,0.1,1.38777911165e-18,0.0413300000477,-3.67760728398e-17
45.2799987793,1,0.1,1.24900053874e-18,0.0413099999475,-6.39766731301e-17
45.3600006104,1,0.1,1.11022279301e-18,0.0412899999666,-9.1177111293e-17
45.4399986267,1,0.1,9.71445047286e-19,0.0412699999857,-1.18377549456e-16
45.5200004578,1,0.1,8.32667301556e-19,0.0412500000048,-1.45577987619e-16
45.5999984741,1,0.1,6.93889555827e-19,0.0412300000238,-1.72778425782e-16
45.6800003052,1,0.1,5.55111810098e-19,0.0412100000429,-1.99978863945e-16
45.7600021362,1,0.1,4.16333237188e-19,0.0411899999428,-2.27179464235e-16
45.8400001526,1,0.1,2.77555491459e-19,0.0411699999618,-2.54379902398e-16
45.9199981689,1,0.1,1.38777745729e-19,0.0411499999809,-2.81580340561e-16
46,1,0.1,-2.99045762849e-35,0.04113,-3.08780778724e-16
46.0800018311,1,0.1,3.46944364323e-20,0.0411020000267,-2.82621173654e-16
46.1599998474,1,0.1,6.93888728646e-20,0.0410740000534,-2.56461568584e-16
46.2399978638,1,0.1,1.04083309297e-19,0.0410460000801,-2.30301963514e-16
46.3199996948,1,0.1,1.38777952524e-19,0.0410179999399,-2.04142202521e-16
46.4000015259,1,0.1,1.73472388957e-19,0.0409899999666,-1.77982597451e-16
46.4799995422,1,0.1,2.08166825389e-19,0.0409619999933,-1.51822992381e-16
46.5600013733,1,0.1,2.42861261821e-19,0.04093400002,-1.25663387311e-16
46.6399993896,1,0.1,2.77555698254e-19,0.0409060000467,-9.95037822406e-17
46.7200012207,1,0.1,3.12250134686e-19,0.0408780000734,-7.33441771707e-17
46.7999992371,1,0.1,3.46944777913e-19,0.0408499999332,-4.71844161772e-17
46.8800010681,1,0.1,3.81639214346e-19,0.0408219999599,-2.10248111072e-17
46.9599990845,1,0.1,4.16333650778e-19,0.0407939999866,5.13479396278e-18
47.0400009155,1,0.1,4.5102808721e-19,0.0407660000133,3.12943990327e-17
47.1199989319,1,0.1,4.85722523643e-19,0.04073800004,5.74540041027e-17
47.2000007629,1,0.1,5.20416960075e-19,0.0407100000667,8.36136091727e-17
47.2799987793,1,0.1,5.55111603303e-19,0.0406819999266,1.09773370166e-16
47.3600006104,1,0.1,5.89806039735e-19,0.0406539999533,1.35932975236e-16
47.4399986267,1,0.1,6.24500476167e-19,0.04062599998,1.62092580306e-16
47.5200004578,1,0.1,6.59194912599e-19,0.0405980000067,1.88252185376e-16
47.5999984741,1,0.1,6.93889349032e-19,0.0405700000334,2.14411790446e-16
47.6800003052,1,0.1,7.28583785464e-19,0.0405420000601,2.40571395516e-16
47.7600021362,1,0.1,7.63278428692e-19,0.0405139999199,2.6673115651e-16
47.8400001526,1,0.1,7.97972865124e-19,0.0404859999466,2.9289076158e-16
47.9199981689,1,0.1,8.32667301556e-19,0.0404579999733,3.19050366649e-16
48,1,0.1,8.67361737989e-19,0.04043,3.45209971719e-16
48.0800018311,1,0.1,1.00613948372e-18,0.0403940000343,3.12874756965e-16
48.1599998474,1,0.1,1.14491722945e-18,0.0403580000687,2.8053954221e-16
48.2399978638,1,0.1,1.28369497518e-18,0.040322000103,2.48204327455e-16
48.3199996948,1,0.1,1.42247272091e-18,0.0402860001373,2.158691127e-16
48.4000015259,1,0.1,1.56125046663e-18,0.0402500001717,1.83533897945e-16
48.4799995422,1,0.1,1.70002821236e-18,0.040214000206,1.5119868319e-16
48.5600013733,1,0.1,1.83880761245e-18,0.0401779998112,1.18863082969e-16
48.6399993896,1,0.1,1.97758535818e-18,0.0401419998455,8.65278682139e-17
48.7200012207,1,0.1,2.11636310391e-18,0.0401059998798,5.4192653459e-17
48.7999992371,1,0.1,2.25514084964e-18,0.0400699999142,2.18574387041e-17
48.8800010681,1,0.1,2.39391859537e-18,0.0400339999485,-1.04777760508e-17
48.9599990845,1,0.1,2.5326963411e-18,0.0399979999828,-4.28129908058e-17
49.0400009155,1,0.1,2.67147408683e-18,0.0399620000172,-7.51482055607e-17
49.1199989319,1,0.1,2.81025183256e-18,0.0399260000515,-1.07483420316e-16
49.2000007629,1,0.1,2.94902957829e-18,0.0398900000858,-1.39818635071e-16
49.2799987793,1,0.1,3.08780732402e-18,0.0398540001202,-1.72153849825e-16
49.3600006104,1,0.1,3.22658506975e-18,0.0398180001545,-2.0448906458e-16
49.4399986267,1,0.1,3.36536281548e-18,0.0397820001888,-2.36824279335e-16
49.5200004578,1,0.1,3.50414221557e-18,0.039745999794,-2.69159879556e-16
49.5999984741,1,0.1,3.6429199613e-18,0.0397099998283,-3.01495094311e-16
49.6800003052,1,0.1,3.78169770703e-18,0.0396739998627,-3.33830309066e-16
49.7600021362,1,0.1,3.92047545275e-18,0.039637999897,-3.66165523821e-16
49.8400001526,1,0.1,4.05925319848e-18,0.0396019999313,-3.98500738576e-16
49.9199981689,1,0.1,4.19803094421e-18,0.0395659999657,-4.30835953331e-16
50,1,0.1,4.33680868994e-18,0.03953,-4.63171168086e-16
50.0800018311,1,0.1,4.16333650778e-18,0.039486000042,-4.35762563304e-16
50.1599998474,1,0.1,3.98986432562e-18,0.0394420000839,-4.08353958523e-16
50.2399978638,1,0.1,3.81639214346e-18,0.0393980001259,-3.80945353741e-16
50.3199996948,1,0.1,3.6429199613e-18,0.0393540001678,-3.5353674896e-16
50.4000015259,1,0.1,3.46944777913e-18,0.0393100002098,-3.26128144178e-16
50.4799995422,1,0.1,3.29597559697e-18,0.0392660002518,-2.98719539397e-16
50.5600013733,1,0.1,3.12250134686e-18,0.0392219997692,-2.71310607879e-16
50.6399993896,1,0.1,2.9490291647e-18,0.0391779998112,-2.43902003097e-16
50.7200012207,1,0.1,2.77555698254e-18,0.0391339998531,-2.16493398316e-16
50.7999992371,1,0.1,2.60208480038e-18,0.0390899998951,-1.89084793534e-16
50.8800010681,1,0.1,2.42861261821e-18,0.039045999937,-1.61676188753e-16
50.9599990845,1,0.1,2.25514043605e-18,0.039001999979,-1.34267583971e-16
51.0400009155,1,0.1,2.08166825389e-18,0.038958000021,-1.0685897919e-16
51.1199989319,1,0.1,1.90819607173e-18,0.0389140000629,-7.94503744081e-17
51.2000007629,1,0.1,1.73472388957e-18,0.0388700001049,-5.20417696266e-17
51.2799987793,1,0.1,1.56125170741e-18,0.0388260001469,-2.46331648451e-17
51.3600006104,1,0.1,1.38777952524e-18,0.0387820001888,2.77543993648e-18
51.4399986267,1,0.1,1.21430734308e-18,0.0387380002308,3.0184044718e-17
51.5200004578,1,0.1,1.04083309297e-18,0.0386939997482,5.75929762359e-17
51.5999984741,1,0.1,8.67360910808e-19,0.0386499997902,8.50015810174e-17
51.6800003052,1,0.1,6.93888728646e-19,0.0386059998321,1.12410185799e-16
51.7600021362,1,0.1,5.20416546485e-19,0.0385619998741,1.3981879058e-16
51.8400001526,1,0.1,3.46944364323e-19,0.0385179999161,1.67227395362e-16
51.9199981689,1,0.1,1.73472182162e-19,0.038473999958,1.94636000144e-16
52,1,0.1,3.52648305247e-35,0.03843,2.22044604925e-16
52.0800018311,1,0.1,3.46944364323e-20,0.0383780000496,1.8825222384e-16
52.1599998474,1,0.1,6.93888728646e-20,0.0383260000992,1.54459842755e-16
52.2399978638,1,0.1,1.04083309297e-19,0.0382740001488,1.2066746167e-16
52.3199996948,1,0.1,1.38777745729e-19,0.0382220001984,8.68750805848e-17
52.4000015259,1,0.1,1.73472182162e-19,0.0381700002479,5.30826994997e-17
52.4799995422,1,0.1,2.08166618594e-19,0.0381180002975,1.92903184146e-17
52.5600013733,1,0.1,2.42861468617e-19,0.0380659997272,-1.45024655074e-17
52.6399993896,1,0.1,2.77555905049e-19,0.0380139997768,-4.82948465925e-17
52.7200012207,1,0.1,3.12250341481e-19,0.0379619998264,-8.20872276776e-17
52.7999992371,1,0.1,3.46944777913e-19,0.037909999876,-1.15879608763e-16
52.8800010681,1,0.1,3.81639214346e-19,0.0378579999256,-1.49671989848e-16
52.9599990845,1,0.1,4.16333650778e-19,0.0378059999752,-1.83464370933e-16
53.0400009155,1,0.1,4.5102808721e-19,0.0377540000248,-2.17256752018e-16
53.1199989319,1,0.1,4.85722523643e-19,0.0377020000744,-2.51049133103e-16
53.2000007629,1,0.1,5.20416960075e-19,0.037650000124,-2.84841514188e-16
53.2799987793,1,0.1,5.55111396507e-19,0.0375980001736,-3.18633895273e-16
53.3600006104,1,0.1,5.8980583294e-19,0.0375460002232,-3.52426276358e-16
53.4399986267,1,0.1,6.24500269372e-19,0.0374940002727,-3.86218657443e-16
53.5200004578,1,0.1,6.59195119395e-19,0.0374419997024,-4.20011441365e-16
53.5999984741,1,0.1,6.93889555827e-19,0.037389999752,-4.5380382245e-16
53.6800003052,1,0.1,7.28583992259e-19,0.0373379998016,-4.87596203535e-16
53.7600021362,1,0.1,7.63278428692e-19,0.0372859998512,-5.21388584621e-16
53.8400001526,1,0.1,7.97972865124e-19,0.0372339999008,-5.55180965706e-16
53.9199981689,1,0.1,8.32667301556e-19,0.0371819999504,-5.88973346791e-16
54,1,0.1,8.67361737989e-19,0.03713,-6.22765727876e-16
54.0800018311,1,0.1,8.32667301556e-19,0.0370700000572,-5.89112124536e-16
54.1599998474,1,0.1,7.97972865124e-19,0.0370100001144,-5.55458521197e-16
54.2399978638,1,0.1,7.63278428692e-19,0.0369500001717,-5.21804917858e-16
54.3199996948,1,0.1,7.28583992259e-19,0.0368900002289,-4.88151314518e-16
54.4000015259,1,0.1,6.93889555827e-19,0.0368300002861,-4.54497711179e-16
54.4799995422,1,0.1,6.59195119395e-19,0.0367700003433,-4.2084410784e-16
54.5600013733,1,0.1,6.24500269372e-19,0.0367099996853,-3.87190103318e-16
54.6399993896,1,0.1,5.8980583294e-19,0.0366499997425,-3.53536499978e-16
54.7200012207,1,0.1,5.55111396507e-19,0.0365899997997,-3.19882896639e-16
54.7999992371,1,0.1,5.20416960075e-19,0.0365299998569,-2.862292933e-16
54.8800010681,1,0.1,4.85722523643e-19,0.0364699999142,-2.5257568996e-16
54.9599990845,1,0.1,4.5102808721e-19,0.0364099999714,-2.18922086621e-16
55.0400009155,1,0.1,4.16333650778e-19,0.0363500000286,-1.85268483282e-16
55.1199989319,1,0.1,3.81639214346e-19,0.0362900000858,-1.51614879942e-16
55.2000007629,1,0.1,3.46944777913e-19,0.036230000143,-1.17961276603e-16
55.2799987793,1,0.1,3.12250341481e-19,0.0361700002003,-8.43076732636e-17
55.3600006104,1,0.1,2.77555905049e-19,0.0361100002575,-5.06540699243e-17
55.4399986267,1,0.1,2.42861468617e-19,0.0360500003147,-1.70004665849e-17
55.5200004578,1,0.1,2.08166618594e-19,0.0359899996567,1.6653537937e-17
55.5999984741,1,0.1,1.73472182162e-19,0.0359299997139,5.03071412764e-17
55.6800003052,1,0.1,1.38777745729e-19,0.0358699997711,8.39607446157e-17
55.7600021362,1,0.1,1.04083309297e-19,0.0358099998283,1.17614347955e-16
55.8400001526,1,0.1,6.93888728646e-20,0.0357499998856,1.51267951294e-16
55.9199981689,1,0.1,3.46944364323e-20,0.0356899999428,1.84921554634e-16
56,1,0.1,0,0.03563,2.18575157973e-16
56.0800018311,1,0.1,1.38777745729e-19,0.0355620000648,1.89570609116e-16
56.1599998474,1,0.1,2.77555491459e-19,0.0354940001297,1.60566060258e-16
56.2399978638,1,0.1,4.16333237188e-19,0.0354260001945,1.31561511401e-16
56.3199996948,1,0.1,5.55110982917e-19,0.0353580002594,1.02556962543e-16
56.4000015259,1,0.1,6.93888728646e-19,0.0352900003242,7.3552413686e-17
56.4799995422,1,0.1,8.32666474376e-19,0.0352220003891,4.45478648286e-17
56.5599975586,1,0.1,9.71444220105e-19,0.0351540004539,1.55433159712e-17
56.6399993896,1,0.1,1.11022196583e-18,0.0350860005188,-1.34612328862e-17
56.7200012207,1,0.1,1.24899971156e-18,0.0350180005836,-4.24657817436e-17
56.7999992371,1,0.1,1.38777745729e-18,0.0349500006485,-7.14703306011e-17
56.8799972534,1,0.1,1.52655520302e-18,0.0348820007133,-1.00474879458e-16
56.9599990845,1,0.1,1.66533294875e-18,0.0348140007782,-1.29479428316e-16
57.0400009155,1,0.1,1.8041140032e-18,0.0347459992218,-1.58484668696e-16
57.1200027466,1,0.1,1.94289174893e-18,0.0346779992866,-1.87489217554e-16
57.2000007629,1,0.1,2.08166949466e-18,0.0346099993515,-2.16493766411e-16
57.2799987793,1,0.1,2.22044724039e-18,0.0345419994163,-2.45498315269e-16
57.3600006104,1,0.1,2.35922498612e-18,0.0344739994812,-2.74502864126e-16
57.4400024414,1,0.1,2.49800273185e-18,0.034405999546,-3.03507412983e-16
57.5200004578,1,0.1,2.63678047758e-18,0.0343379996109,-3.32511961841e-16
57.5999984741,1,0.1,2.77555822331e-18,0.0342699996757,-3.61516510698e-16
57.6800003052,1,0.1,2.91433596904e-18,0.0342019997406,-3.90521059556e-16
57.7600021362,1,0.1,3.05311371477e-18,0.0341339998054,-4.19525608413e-16
57.8400001526,1,0.1,3.1918914605e-18,0.0340659998703,-4.4853015727e-16
57.9199981689,1,0.1,3.33066920622e-18,0.0339979999351,-4.77534706128e-16
58,1,0.1,3.46944695195e-18,0.03393,-5.06539254985e-16
58.0800018311,1,0.1,3.36536364266e-18,0.0338540000725,-4.76910206272e-16
58.1599998474,1,0.1,3.26128033336e-18,0.033778000145,-4.47281157559e-16
58.2399978638,1,0.1,3.15719702406e-18,0.0337020002174,-4.17652108846e-16
58.3199996948,1,0.1,3.05311371477e-18,0.0336260002899,-3.88023060133e-16
58.4000015259,1,0.1,2.94903040547e-18,0.0335500003624,-3.58394011419e-16
58.4799995422,1,0.1,2.84494709617e-18,0.0334740004349,-3.28764962706e-16
58.5599975586,1,0.1,2.74086378688e-18,0.0333980005073,-2.99135913993e-16
58.6399993896,1,0.1,2.63678047758e-18,0.0333220005798,-2.6950686528e-16
58.7200012207,1,0.1,2.53269716828e-18,0.0332460006523,-2.39877816567e-16
58.7999992371,1,0.1,2.42861385898e-18,0.0331700007248,-2.10248767853e-16
58.8799972534,1,0.1,2.32453054969e-18,0.0330940007973,-1.8061971914e-16
58.9599990845,1,0.1,2.22044724039e-18,0.0330180008697,-1.50990670427e-16
59.0400009155,1,0.1,2.11636144955e-18,0.0329419991302,-1.21360915301e-16
59.1200027466,1,0.1,2.01227814026e-18,0.0328659992027,-9.17318665883e-17
59.2000007629,1,0.1,1.90819483096e-18,0.0327899992752,-6.21028178751e-17
59.2799987793,1,0.1,1.80411152166e-18,0.0327139993477,-3.24737691619e-17
59.3600006104,1,0.1,1.70002821236e-18,0.0326379994202,-2.84472044868e-18
59.4400024414,1,0.1,1.59594490307e-18,0.0325619994926,2.67843282645e-17
59.5200004578,1,0.1,1.49186159377e-18,0.0324859995651,5.64133769777e-17
59.5999984741,1,0.1,1.38777828447e-18,0.0324099996376,8.60424256909e-17
59.6800003052,1,0.1,1.28369497518e-18,0.0323339997101,1.15671474404e-16
59.7600021362,1,0.1,1.17961166588e-18,0.0322579997826,1.45300523117e-16
59.8400001526,1,0.1,1.07552835658e-18,0.032181999855,1.74929571831e-16
59.9199981689,1,0.1,9.71445047286e-19,0.0321059999275,2.04558620544e-16
60,1,0.1,8.67361737989e-19,0.03203,2.34187669257e-16
60.0800018311,1,0.1,6.93889555827e-19,0.0319460000801,2.04558620544e-16
60.1599998474,1,0.1,5.20417373665e-19,0.0318620001602,1.74929571831e-16
60.2399978638,1,0.1,3.46945191504e-19,0.0317780002403,1.45300523117e-16
60.3199996948,1,0.1,1.73473009342e-19,0.0316940003204,1.15671474404e-16
60.4000015259,1,0.1,8.27180612649e-25,0.0316100004005,8.60424256909e-17
60.4799995422,1,0.1,-1.73471354981e-19,0.0315260004806,5.64133769777e-17
60.5599975586,1,0.1,-3.46943537143e-19,0.0314420005608,2.67843282645e-17
60.6399993896,1,0.1,-5.20415719304e-19,0.0313580006409,-2.84472044868e-18
60.7200012207,1,0.1,-6.93887901466e-19,0.031274000721,-3.24737691619e-17
60.7999992371,1,0.1,-8.67360083627e-19,0.0311900008011,-6.21028178751e-17
60.8799972534,1,0.1,-1.04083226579e-18,0.0311060008812,-9.17318665883e-17
60.9599990845,1,0.1,-1.21430444795e-18,0.0310220009613,-1.21360915301e-16
61.0400009155,1,0.1,-1.38778076602e-18,0.0309379990387,-1.50990670427e-16
61.1200027466,1,0.1,-1.56125294818e-18,0.0308539991188,-1.8061971914e-16
61.2000007629,1,0.1,-1.73472513034e-18,0.0307699991989,-2.10248767853e-16
61.2799987793,1,0.1,-1.9081973125e-18,0.030685999279,-2.39877816567e-16
61.3600006104,1,0.1,-2.08166949466e-18,0.0306019993591,-2.6950686528e-16
61.4400024414,1,0.1,-2.25514167682e-18,0.0305179994392,-2.99135913993e-16
61.5200004578,1,0.1,-2.42861385898e-18,0.0304339995193,-3.28764962706e-16
61.5999984741,1,0.1,-2.60208604115e-18,0.0303499995995,-3.58394011419e-16
61.6800003052,1,0.1,-2.77555822331e-18,0.0302659996796,-3.88023060133e-16
61.7600021362,1,0.1,-2.94903040547e-18,0.0301819997597,-4.17652108846e-16
61.8400001526,1,0.1,-3.12250258763e-18,0.0300979998398,-4.47281157559e-16
61.9199981689,1,0.1,-3.29597476979e-18,0.0300139999199,-4.76910206272e-16
62,1,0.1,-3.46944695195e-18,0.02993,-5.06539254985e-16
62.0800018311,1,0.1,-3.33066920622e-18,0.0298380000877,-4.75314262196e-16
62.1599998474,1,0.1,-3.1918914605e-18,0.0297460001755,-4.44089269407e-16
62.2399978638,1,0.1,-3.05311371477e-18,0.0296540002632,-4.12864276618e-16
62.3199996948,1,0.1,-2.91433596904e-18,0.0295620003509,-3.81639283829e-16
62.4000015259,1,0.1,-2.77555822331e-18,0.0294700004387,-3.5041429104e-16
62.4799995422,1,0.1,-2.63678047758e-18,0.0293780005264,-3.19189298251e-16
62.5599975586,1,0.1,-2.49800273185e-18,0.0292860006142,-2.87964305462e-16
62.6399993896,1,0.1,-2.35922498612e-18,0.0291940007019,-2.56739312673e-16
62.7200012207,1,0.1,-2.22044724039e-18,0.0291020007896,-2.25514319884e-16
62.7999992371,1,0.1,-2.08166949466e-18,0.0290100008774,-1.94289327094e-16
62.8799972534,1,0.1,-1.94289174893e-18,0.0289180009651,-1.63064334305e-16
62.9599990845,1,0.1,-1.8041140032e-18,0.0288260010529,-1.31839341516e-16
63.0400009155,1,0.1,-1.66533294875e-18,0.0287339989471,-1.00613604265e-16
63.1200027466,1,0.1,-1.52655520302e-18,0.0286419990349,-6.93886114756e-17
63.2000007629,1,0.1,-1.38777745729e-18,0.0285499991226,-3.81636186865e-17
63.2799987793,1,0.1,-1.24899971156e-18,0.0284579992104,-6.93862589739e-18
63.3600006104,1,0.1,-1.11022196583e-18,0.0283659992981,2.42863668917e-17
63.4400024414,1,0.1,-9.71444220105e-19,0.0282739993858,5.55113596808e-17
63.5200004578,1,0.1,-8.32666474376e-19,0.0281819994736,8.67363524699e-17
63.5999984741,1,0.1,-6.93888728646e-19,0.0280899995613,1.17961345259e-16
63.6800003052,1,0.1,-5.55110982917e-19,0.027997999649,1.49186338048e-16
63.7600021362,1,0.1,-4.16333237188e-19,0.0279059997368,1.80411330837e-16
63.8400001526,1,0.1,-2.77555491459e-19,0.0278139998245,2.11636323626e-16
63.9199981689,1,0.1,-1.38777745729e-19,0.0277219999123,2.42861316415e-16
64,1,0.1,-3.54058898468e-35,0.02763,2.74086309204e-16
64.0800018311,1,0.1,-3.01377993882e-35,0.0275300000954,2.38836761789e-16
64.1600036621,1,0.1,-2.48697089296e-35,0.0274300001907,2.03587214374e-16
64.2399978638,1,0.1,-1.9601618471e-35,0.0273300002861,1.68337666959e-16
64.3199996948,1,0.1,-1.43335280124e-35,0.0272300003815,1.33088119543e-16
64.4000015259,1,0.1,-9.06543755378e-36,0.0271300004768,9.78385721282e-17
64.4799957275,1,0.1,-3.79734709518e-36,0.0270300005722,6.2589024713e-17
64.5599975586,1,0.1,1.47074336342e-36,0.0269300006676,2.73394772977e-17
64.6399993896,1,0.1,6.73883382202e-36,0.0268300007629,-7.91007011749e-18
64.7200012207,1,0.1,1.20069242806e-35,0.0267300008583,-4.31596175327e-17
64.8000030518,1,0.1,1.72750147392e-35,0.0266300009537,-7.8409164948e-17
64.8799972534,1,0.1,2.25431051978e-35,0.026530001049,-1.13658712363e-16
64.9599990845,1,0.1,2.78111956564e-35,0.0264300011444,-1.48908259778e-16
65.0400009155,1,0.1,3.30794117162e-35,0.0263299988556,-1.84158647609e-16
65.1200027466,1,0.1,3.83475021748e-35,0.026229998951,-2.19408195024e-16
65.1999969482,1,0.1,4.36155926334e-35,0.0261299990463,-2.5465774244e-16
65.2799987793,1,0.1,4.8883683092e-35,0.0260299991417,-2.89907289855e-16
65.3600006104,1,0.1,5.41517735506e-35,0.0259299992371,-3.2515683727e-16
65.4400024414,1,0.1,5.94198640092e-35,0.0258299993324,-3.60406384685e-16
65.5200042725,1,0.1,6.46879544678e-35,0.0257299994278,-3.95655932101e-16
65.5999984741,1,0.1,6.99560449264e-35,0.0256299995232,-4.30905479516e-16
65.6800003052,1,0.1,7.5224135385e-35,0.0255299996185,-4.66155026931e-16
65.7600021362,1,0.1,8.04922258436e-35,0.0254299997139,-5.01404574346e-16
65.8399963379,1,0.1,8.57603163022e-35,0.0253299998093,-5.36654121762e-16
65.9199981689,1,0.1,9.10284067608e-35,0.0252299999046,-5.71903669177e-16
66,1,0.1,9.62964972194e-35,0.02513,-6.07153216592e-16
66.0800018311,1,0.1,-3.46944364323e-20,0.025022000103,-5.71556724812e-16
66.1600036621,1,0.1,-6.93888728646e-20,0.024914000206,-5.35960233033e-16
66.2399978638,1,0.1,-1.04083309297e-19,0.024806000309,-5.00363741253e-16
66.3199996948,1,0.1,-1.38777745729e-19,0.024698000412,-4.64767249474e-16
66.4000015259,1,0.1,-1.73472182162e-19,0.024590000515,-4.29170757694e-16
66.4799957275,1,0.1,-2.08166618594e-19,0.024482000618,-3.93574265915e-16
66.5599975586,1,0.1,-2.42861055026e-19,0.024374000721,-3.57977774135e-16
66.6399993896,1,0.1,-2.77555491459e-19,0.024266000824,-3.22381282356e-16
66.7200012207,1,0.1,-3.12249927891e-19,0.024158000927,-2.86784790576e-16
66.8000030518,1,0.1,-3.46944364323e-19,0.02405000103,-2.51188298796e-16
66.8799972534,1,0.1,-3.81638800755e-19,0.023942001133,-2.15591807017e-16
66.9599990845,1,0.1,-4.16333237188e-19,0.023834001236,-1.79995315237e-16
67.0400009155,1,0.1,-4.51028500801e-19,0.023725998764,-1.4439797477e-16
67.1200027466,1,0.1,-4.85722937233e-19,0.023617998867,-1.08801482991e-16
67.1999969482,1,0.1,-5.20417373665e-19,0.02350999897,-7.32049912113e-17
67.2799987793,1,0.1,-5.55111810098e-19,0.023401999073,-3.76084994318e-17
67.3600006104,1,0.1,-5.8980624653e-19,0.023293999176,-2.01200765219e-18
67.4400024414,1,0.1,-6.24500682962e-19,0.023185999279,3.35844841274e-17
67.5200042725,1,0.1,-6.59195119395e-19,0.023077999382,6.91809759069e-17
67.5999984741,1,0.1,-6.93889555827e-19,0.022969999485,1.04777467686e-16
67.6800003052,1,0.1,-7.28583992259e-19,0.022861999588,1.40373959466e-16
67.7600021362,1,0.1,-7.63278428692e-19,0.022753999691,1.75970451246e-16
67.8399963379,1,0.1,-7.97972865124e-19,0.022645999794,2.11566943025e-16
67.9199981689,1,0.1,-8.32667301556e-19,0.022537999897,2.47163434805e-16
68,1,0.1,-8.67361737989e-19,0.02243,2.82759926584e-16
68.0800018311,1,0.1,-8.32667301556e-19,0.0223140001106,2.44942990873e-16
68.1600036621,1,0.1,-7.97972865124e-19,0.0221980002212,2.07126055162e-16
68.2399978638,1,0.1,-7.63278428692e-19,0.0220820003319,1.69309119451e-16
68.3199996948,1,0.1,-7.28583992259e-19,0.0219660004425,1.31492183739e-16
68.4000015259,1,0.1,-6.93889555827e-19,0.0218500005531,9.36752480281e-17
68.4799957275,1,0.1,-6.59195119395e-19,0.0217340006638,5.58583123169e-17
68.5599975586,1,0.1,-6.24500682962e-19,0.0216180007744,1.80413766057e-17
68.6399993896,1,0.1,-5.8980624653e-19,0.021502000885,-1.97755591055e-17
68.7200012207,1,0.1,-5.55111810098e-19,0.0213860009956,-5.75924948168e-17
68.8000030518,1,0.1,-5.20417373665e-19,0.0212700011063,-9.5409430528e-17
68.8799972534,1,0.1,-4.85722937233e-19,0.0211540012169,-1.33226366239e-16
68.9599990845,1,0.1,-4.51028500801e-19,0.0210380013275,-1.7104330195e-16
69.0400009155,1,0.1,-4.16333237188e-19,0.0209219986725,-2.08861139289e-16
69.1200027466,1,0.1,-3.81638800755e-19,0.0208059987831,-2.46678075e-16
69.1999969482,1,0.1,-3.46944364323e-19,0.0206899988937,-2.84495010711e-16
69.2799987793,1,0.1,-3.12249927891e-19,0.0205739990044,-3.22311946422e-16
69.3600006104,1,0.1,-2.77555491459e-19,0.020457999115,-3.60128882133e-16
69.4400024414,1,0.1,-2.42861055026e-19,0.0203419992256,-3.97945817845e-16
69.5200042725,1,0.1,-2.08166618594e-19,0.0202259993362,-4.35762753556e-16
69.5999984741,1,0.1,-1.73472182162e-19,0.0201099994469,-4.73579689267e-16
69.6800003052,1,0.1,-1.38777745729e-19,0.0199939995575,-5.11396624978e-16
69.7600021362,1,0.1,-1.04083309297e-19,0.0198779996681,-5.4921356069e-16
69.8399963379,1,0.1,-6.93888728646e-20,0.0197619997787,-5.87030496401e-16
69.9199981689,1,0.1,-3.46944364323e-20,0.0196459998894,-6.24847432112e-16
70,1,0.1,-5.31911193747e-35,0.01953,-6.62664367823e-16
70.0800018311,1,0.1,-1.73472182162e-19,0.0194060001183,-6.27206653789e-16
70.1600036621,1,0.1,-3.46944364323e-19,0.0192820002365,-5.91748939756e-16
70.2399978638,1,0.1,-5.20416546485e-19,0.0191580003548,-5.56291225722e-16
70.3199996948,1,0.1,-6.93888728646e-19,0.019034000473,-5.20833511688e-16
70.4000015259,1,0.1,-8.67360910808e-19,0.0189100005913,-4.85375797654e-16
70.4799957275,1,0.1,-1.04083309297e-18,0.0187860007095,-4.4991808362e-16
70.5599975586,1,0.1,-1.21430527513e-18,0.0186620008278,-4.14460369586e-16
70.6399993896,1,0.1,-1.38777745729e-18,0.018538000946,-3.79002655553e-16
70.7200012207,1,0.1,-1.56124963945e-18,0.0184140010643,-3.43544941519e-16
70.8000030518,1,0.1,-1.73472182162e-18,0.0182900011826,-3.08087227485e-16
70.8799972534,1,0.1,-1.90819400378e-18,0.0181660013008,-2.72629513451e-16
70.9599990845,1,0.1,-2.08166618594e-18,0.0180420014191,-2.37171799417e-16
71.0400009155,1,0.1,-2.255142504e-18,0.0179179985809,-2.01713240005e-16
71.1200027466,1,0.1,-2.42861468617e-18,0.0177939986992,-1.66255525971e-16
71.1999969482,1,0.1,-2.60208686833e-18,0.0176699988174,-1.30797811937e-16
71.2799987793,1,0.1,-2.77555905049e-18,0.0175459989357,-9.53400979034e-17
71.3600006104,1,0.1,-2.94903123265e-18,0.017421999054,-5.98823838696e-17
71.4400024414,1,0.1,-3.12250341481e-18,0.0172979991722,-2.44246698358e-17
71.5200042725,1,0.1,-3.29597559697e-18,0.0171739992905,1.10330441981e-17
71.5999984741,1,0.1,-3.46944777913e-18,0.0170499994087,4.64907582319e-17
71.6800003052,1,0.1,-3.6429199613e-18,0.016925999527,8.19484722657e-17
71.7600021362,1,0.1,-3.81639214346e-18,0.0168019996452,1.174061863e-16
71.8399963379,1,0.1,-3.98986432562e-18,0.0166779997635,1.52863900333e-16
71.9199981689,1,0.1,-4.16333650778e-18,0.0165539998817,1.88321614367e-16
72,1,0.1,-4.33680868994e-18,0.01643,2.23779328401e-16
72.0800018311,1,0.1,-4.19802763549e-18,0.0162979969788,1.9102699955e-16
72.1600036621,1,0.1,-4.05925319848e-18,0.0161660002518,1.58276232417e-16
72.2400054932,1,0.1,-3.92047214403e-18,0.0160339972305,1.25523903566e-16
72.3199996948,1,0.1,-3.78169770703e-18,0.0159020005035,9.27731364326e-17
72.4000015259,1,0.1,-3.64291665257e-18,0.0157699974823,6.0020807582e-17
72.4799957275,1,0.1,-3.50414221557e-18,0.0156380007553,2.72700404484e-17
72.5599975586,1,0.1,-3.36536116112e-18,0.0155059977341,-5.48228840221e-18
72.6399993896,1,0.1,-3.22658672411e-18,0.0153740010071,-3.82330555358e-17
72.7200012207,1,0.1,-3.08780566966e-18,0.0152419979858,-7.09853843864e-17
72.8000030518,1,0.1,-2.94903123265e-18,0.0151100012588,-1.0373615152e-16
72.8800048828,1,0.1,-2.8102501782e-18,0.0149779982376,-1.36488480371e-16
72.9599990845,1,0.1,-2.67147574119e-18,0.0148460015106,-1.69239247504e-16
73.0400009155,1,0.1,-2.53269468674e-18,0.0147139984894,-2.01991576355e-16
73.1199951172,1,0.1,-2.39392024973e-18,0.0145820017624,-2.34742343488e-16
73.1999969482,1,0.1,-2.25513919528e-18,0.0144499987411,-2.67494672339e-16
73.2799987793,1,0.1,-2.11636475827e-18,0.0143180020142,-3.00245439473e-16
73.3600006104,1,0.1,-1.97758370382e-18,0.0141859989929,-3.32997768323e-16
73.4400024414,1,0.1,-1.83880926682e-18,0.0140540022659,-3.65748535457e-16
73.5200042725,1,0.1,-1.70002821236e-18,0.0139219992447,-3.98500864308e-16
73.5999984741,1,0.1,-1.56125377536e-18,0.0137900025177,-4.31251631441e-16
73.6800003052,1,0.1,-1.42247272091e-18,0.0136579994965,-4.64003960292e-16
73.7599945068,1,0.1,-1.2836982839e-18,0.0135260027695,-4.96754727425e-16
73.8399963379,1,0.1,-1.14491722945e-18,0.0133939997482,-5.29507056276e-16
73.9199981689,1,0.1,-1.00614279244e-18,0.0132620030212,-5.6225782341e-16
74,1,0.1,-8.67361737989e-19,0.01313,-5.9501015226e-16
74.0800018311,1,0.1,-6.93885419924e-19,0.0129899967957,-5.61772089719e-16
74.1600036621,1,0.1,-5.20417373665e-19,0.012850000267,-5.28535612056e-16
74.2400054932,1,0.1,-3.46941055601e-19,0.0127099970627,-4.95297549515e-16
74.3199996948,1,0.1,-1.73473009342e-19,0.0125700005341,-4.62061071852e-16
74.4000015259,1,0.1,3.30872245031e-24,0.0124299973297,-4.2882300931e-16
74.4799957275,1,0.1,1.73471354981e-19,0.0122900008011,-3.95586531647e-16
74.5599975586,1,0.1,3.46947673046e-19,0.0121499975967,-3.62348469106e-16
74.6399993896,1,0.1,5.20415719304e-19,0.0120100010681,-3.29111991443e-16
74.7200012207,1,0.1,6.93892037369e-19,0.0118699978638,-2.95873928902e-16
74.8000030518,1,0.1,8.67360083627e-19,0.0117300013351,-2.62637451239e-16
74.8800048828,1,0.1,1.04083640169e-18,0.0115899981308,-2.29399388697e-16
74.9599990845,1,0.1,1.21430444795e-18,0.0114500016022,-1.96162911034e-16
75.0400009155,1,0.1,1.38778076602e-18,0.0113099983978,-1.62924848493e-16
75.1199951172,1,0.1,1.56124881227e-18,0.0111700018692,-1.2968837083e-16
75.1999969482,1,0.1,1.73472513034e-18,0.0110299986649,-9.64503082887e-17
75.2799987793,1,0.1,1.9081931766e-18,0.0108900021362,-6.32138306256e-17
75.3600006104,1,0.1,2.08166949466e-18,0.0107499989319,-2.99757680844e-17
75.4400024414,1,0.1,2.25513754092e-18,0.0106100024033,3.26070957874e-18
75.5200042725,1,0.1,2.42861385898e-18,0.0104699991989,3.64987721199e-17
75.5999984741,1,0.1,2.60208190524e-18,0.0103300026703,6.97352497831e-17
75.6800003052,1,0.1,2.77555822331e-18,0.0101899994659,1.02973312324e-16
75.7599945068,1,0.1,2.94902626957e-18,0.0100500029373,1.36209789987e-16
75.8399963379,1,0.1,3.12250258763e-18,0.00990999973297,1.69447852529e-16
75.9199981689,1,0.1,3.29597063389e-18,0.00977000320434,2.02684330192e-16
76,1,0.1,3.46944695195e-18,0.00963,2.35922392733e-16
76.0800018311,1,0.1,3.29597063389e-18,0.00948199661255,2.04627264954e-16
76.1600036621,1,0.1,3.12250258763e-18,0.00933400028229,1.73333629409e-16
76.2400054932,1,0.1,2.94902626957e-18,0.00918599689484,1.4203850163e-16
76.3199996948,1,0.1,2.77555822331e-18,0.00903800056457,1.10744866085e-16
76.4000015259,1,0.1,2.60208190524e-18,0.00888999717712,7.94497383062e-17
76.4799957275,1,0.1,2.42861385898e-18,0.00874200084686,4.81561027612e-17
76.5599975586,1,0.1,2.25513754092e-18,0.00859399745941,1.68609749823e-17
76.6399993896,1,0.1,2.08166949466e-18,0.00844600112915,-1.44326605627e-17
76.7200012207,1,0.1,1.9081931766e-18,0.0082979977417,-4.57277883416e-17
76.8000030518,1,0.1,1.73472513034e-18,0.00815000141144,-7.70214238866e-17
76.8800048828,1,0.1,1.56124881227e-18,0.00800199802399,-1.08316551665e-16
76.9599990845,1,0.1,1.38778076602e-18,0.00785400169372,-1.39610187211e-16
77.0400009155,1,0.1,1.21430444795e-18,0.00770599830627,-1.70905314989e-16
77.1199951172,1,0.1,1.04083640169e-18,0.00755800197601,-2.02198950534e-16
77.1999969482,1,0.1,8.67360083627e-19,0.00740999858856,-2.33494078313e-16
77.2799987793,1,0.1,6.93892037369e-19,0.0072620022583,-2.64787713858e-16
77.3600006104,1,0.1,5.20415719304e-19,0.00711399887085,-2.96082841637e-16
77.4400024414,1,0.1,3.46947673046e-19,0.00696600254059,-3.27376477182e-16
77.5200042725,1,0.1,1.73471354981e-19,0.00681799915314,-3.58671604961e-16
77.5999984741,1,0.1,3.30872245031e-24,0.00667000282288,-3.89965240506e-16
77.6800003052,1,0.1,-1.73473009342e-19,0.00652199943542,-4.21260368285e-16
77.7599945068,1,0.1,-3.46941055601e-19,0.00637400310516,-4.5255400383e-16
77.8399963379,1,0.1,-5.20417373665e-19,0.00622599971771,-4.83849131609e-16
77.9199981689,1,0.1,-6.93885419924e-19,0.00607800338745,-5.15142767154e-16
78,1,0.1,-8.67361737989e-19,0.00593,-5.46437894933e-16
78.0800018311,1,0.1,-8.32666474376e-19,0.00577399642944,-4.85443621501e-16
78.1600036621,1,0.1,-7.97972865124e-19,0.00561800029755,-4.24452256437e-16
78.2400054932,1,0.1,-7.63277601511e-19,0.00546199672699,-3.63457983005e-16
78.3199996948,1,0.1,-7.28583992259e-19,0.00530600059509,-3.02466617941e-16
78.4000015259,1,0.1,-6.93888728646e-19,0.00514999702454,-2.41472344509e-16
78.4799957275,1,0.1,-6.59195119395e-19,0.00499400089264,-1.80480979445e-16
78.5599975586,1,0.1,-6.24499855782e-19,0.00483799732208,-1.19486706013e-16
78.6399993896,1,0.1,-5.8980624653e-19,0.00468200119019,-5.84953409487e-17
78.7200012207,1,0.1,-5.55110982917e-19,0.00452599761963,2.49893248286e-18
78.8000030518,1,0.1,-5.20417373665e-19,0.00437000148773,6.34902975474e-17
78.8800048828,1,0.1,-4.85722110052e-19,0.00421399791717,1.24484570979e-16
78.9599990845,1,0.1,-4.51028500801e-19,0.00405800178528,1.85475936043e-16
79.0400009155,1,0.1,-4.16333237188e-19,0.00390199821472,2.46470209475e-16
79.1199951172,1,0.1,-3.81639627936e-19,0.00374600208282,3.07461574539e-16
79.1999969482,1,0.1,-3.46944364323e-19,0.00358999851227,3.68455847971e-16
79.2799987793,1,0.1,-3.12250755071e-19,0.00343400238037,4.29447213035e-16
79.3600006104,1,0.1,-2.77555491459e-19,0.00327799880981,4.90441486467e-16
79.4400024414,1,0.1,-2.42861882207e-19,0.00312200267792,5.51432851531e-16
79.5200042725,1,0.1,-2.08166618594e-19,0.00296599910736,6.12427124963e-16
79.5999984741,1,0.1,-1.73473009342e-19,0.00281000297546,6.73418490027e-16
79.6800003052,1,0.1,-1.38777745729e-19,0.00265399940491,7.34412763459e-16
79.7599945068,1,0.1,-1.04084136478e-19,0.00249800327301,7.95404128524e-16
79.8399963379,1,0.1,-6.93888728646e-20,0.00234199970245,8.56398401955e-16
79.9199981689,1,0.1,-3.46952636129e-20,0.00218600357056,9.1738976702e-16
80,1,0.1,1.31149669979e-34,0.00203,9.78384040451e-16
