arc_length,density,velocity_0,velocity_1,velocity_2
0,0.00262375316796,0,-0.498822250215,0.0350391904359
0.0032000541687,0.0026195234271,0,-0.498806852627,0.0238572955182
0.00639998912811,0.0026152938438,0,-0.498791455613,0.0126758171515
0.00960004329681,0.00261106410294,0,-0.498776058025,0.00149392223386
0.0127999782562,0.00260625009856,0,-0.498816589958,4.30737837068e-05
0.0160000324249,0.00260135243146,0,-0.498865112739,-1.78275071389e-05
0.0191999673843,0.0025964549468,0,-0.498913633713,-7.87265292731e-05
0.022400021553,0.00259157881517,0,-0.498960275694,-4.77596536752e-05
0.0255999565125,0.00258671004363,0,-0.499006289008,1.38286003284e-05
0.0288000106812,0.00258184109071,0,-0.499052304035,7.54191487199e-05
0.0319999456406,0.00257699015954,0,-0.499096891654,6.01541844851e-05
0.0351999998093,0.00257214975247,0,-0.499140625469,-1.22579889949e-06
0.038400053978,0.00256730934539,0,-0.499184359285,-6.26057822841e-05
0.0415999889374,0.00256248330755,0,-0.499226877104,-6.22569617147e-05
0.0448000431061,0.00255767127895,0,-0.499268182127,-1.8103589582e-07
0.0479999780655,0.00255285942962,0,-0.499309485612,6.18925774538e-05
0.0512000322342,0.00254805798068,0,-0.499349895235,7.74910776455e-05
0.0543999671936,0.0025432743424,0,-0.499388811102,1.56308529335e-05
0.0576000213623,0.00253849052592,0,-0.499427728418,-4.62316762983e-05
0.0607999563217,0.00253371389882,0,-0.499466034295,-7.69871823338e-05
0.0640000104904,0.00252895812904,0,-0.499502511487,-1.44221458417e-05
0.0671999454498,0.00252420253641,0,-0.499538987319,4.81405599606e-05
0.0703999996185,0.00251945025186,0,-0.49957515844,9.50915650211e-05
0.0736000537872,0.00251472236435,0,-0.499609187039,3.27426050616e-05
0.0767999887466,0.00250999465295,0,-0.49964321437,-2.96040322575e-05
0.0800000429153,0.00250526676582,0,-0.499677242935,-9.1951240333e-05
0.0831999778748,0.0025005667722,0,-0.499708794472,-2.8895680772e-05
0.0864000320435,0.00249586660348,0,-0.499740347184,3.41622278392e-05
0.0895999670029,0.00249116660986,0,-0.499771898722,9.72177874001e-05
0.0928000211716,0.00248649055268,0,-0.49980126586,5.01165846781e-05
0.095999956131,0.00248181811432,0,-0.49983031967,-1.27203817818e-05
0.0992000102997,0.00247714550189,0,-0.499859374562,-7.55596891487e-05
0.102399945259,0.00247249360877,0,-0.499886539502,-4.36049255999e-05
0.105599999428,0.00246784839108,0,-0.499913075803,1.99496450231e-05
0.108800053596,0.00246320317338,0,-0.499939612104,8.35042156461e-05
0.111999988556,0.00245857514968,0,-0.499964557192,6.7753008629e-05
0.115200042725,0.0024539571661,0,-0.49998854908,4.41940515945e-06
0.118399977684,0.00244933935455,0,-0.500012540073,-5.89118389895e-05
0.121600031853,0.00244473490826,0,-0.500035250154,-5.85508185141e-05
0.124799966812,0.00244014417015,0,-0.500056677641,5.50184652054e-06
0.128000020981,0.00243555326102,0,-0.500078105926,6.95568977514e-05
0.13119995594,0.00243097261579,0,-0.500098561922,8.56544198505e-05
0.134400010109,0.00242640862238,0,-0.500117399433,2.18225393119e-05
0.137599945068,0.00242184479899,0,-0.500136236242,-4.20069633442e-05
0.140799999237,0.00241728749496,0,-0.500154421339,-7.37414772976e-05
0.144000053406,0.00241275025946,0,-0.500170649157,-9.18209792051e-06
0.147199988365,0.00240821319298,0,-0.50018687637,5.5374876473e-05
0.150400042534,0.00240367928294,0,-0.500202774463,0.00010382098653
0.153599977493,0.00239916881651,0,-0.500216364229,3.9489212081e-05
0.156800031662,0.00239465818204,0,-0.500229954501,-2.4844958962e-05
0.159999966621,0.00239014771561,0,-0.500243544267,-8.91767334109e-05
0.16320002079,0.00238566352598,0,-0.50025447802,-2.4110354271e-05
0.16639995575,0.00238117950364,0,-0.50026541134,4.09548060808e-05
0.169600009918,0.00237669531426,0,-0.500276345068,0.000106022390348
0.172799944878,0.00237223429489,0,-0.50028492918,5.74219778269e-05
0.175999999046,0.00236777639554,0,-0.500293178004,-7.41852988036e-06
0.179200053215,0.00236331849619,0,-0.500301426827,-7.22590375876e-05
0.182399988174,0.00235888036444,0,-0.500307647327,-3.9283951284e-05
0.185600042343,0.002354448601,0,-0.500313192073,2.62957440748e-05
0.188799977303,0.00235001700264,0,-0.500318736613,9.18729964409e-05
0.192000031471,0.00234560147838,0,-0.500322573293,7.5620978817e-05
0.195199966431,0.00234119586172,0,-0.500325385031,1.02724898103e-05
0.198400020599,0.00233679008094,0,-0.500328196873,-5.50784336667e-05
0.201599955559,0.00233239737892,0,-0.500329632531,-5.47063441373e-05
0.204800009727,0.00232801742848,0,-0.500329692098,1.13893982305e-05
0.207999944687,0.0023236376412,0,-0.500329751662,7.74826783818e-05
0.211199998856,0.00231926732021,0,-0.500328768157,9.40936643309e-05
0.214400053024,0.00231491304867,0,-0.50032604616,2.82282128034e-05
0.217599987984,0.00231055893933,0,-0.500323324265,-3.76347850863e-05
0.220800042152,0.00230621105014,0,-0.500319901953,-7.03785468808e-05
0.223999977112,0.0023018824682,0,-0.500314379018,-3.76527319353e-06
0.227200031281,0.002297553725,0,-0.500308855878,6.2850482082e-05
0.23039996624,0.00229322831511,0,-0.500302979114,0.000112840241581
0.233600020409,0.00228892495059,0,-0.500294625078,4.64561163036e-05
0.236799955368,0.00228462174638,0,-0.500286271354,-1.99255360147e-05
0.240000009537,0.00228031838197,0,-0.500277917306,-8.6309039534e-05
0.243199944496,0.00227604040671,0,-0.500266713003,-1.91717763196e-05
0.246399998665,0.00227176227208,0,-0.500255508282,4.79679880035e-05
0.249600052834,0.00226748413744,0,-0.500244303562,0.000115107752327
0.252799987793,0.00226322810847,0,-0.500230578513,6.49563783875e-05
0.256000041962,0.0022589750558,0,-0.500216492884,-1.95059997972e-06
0.259199976921,0.00225472216157,0,-0.500202407781,-6.88550859099e-05
0.26240003109,0.00225048781006,0,-0.500186146473,-3.48311371495e-05
0.265599966049,0.00224625984981,0,-0.500169160567,3.28341420914e-05
0.268800020218,0.00224203173206,0,-0.500152174029,0.000100501942112
0.271999955177,0.0022378192642,0,-0.500133355933,8.37316353073e-05
0.275200009346,0.00223361593517,0,-0.500113437784,1.62975906256e-05
0.278399944305,0.00222941276272,0,-0.500093520377,-5.11339419846e-05
0.281599998474,0.00222522175521,0,-0.500072126336,-5.07519651307e-05
0.284800052643,0.00222104306957,0,-0.500049256361,1.74479280111e-05
0.287999987602,0.0022168645396,0,-0.500026387238,8.56452805518e-05
0.291200041771,0.00221269504127,0,-0.500002398607,0.000102782015531
0.29439997673,0.00220854100929,0,-0.499976546584,3.48191890597e-05
0.297600030899,0.00220438682256,0,-0.499950693598,-3.31461692754e-05
0.300799965858,0.00220023887909,0,-0.499924090752,-6.69353880027e-05
0.304000020027,0.00219610904764,0,-0.499895234324,1.80068674119e-06
0.307199954987,0.00219197937004,0,-0.499866378971,7.05342009101e-05
0.310400009155,0.00218785256522,0,-0.499837143144,0.000122115247694
0.313599944115,0.00218374709919,0,-0.499805252784,5.36168458236e-05
0.316799998283,0.00217964148022,0,-0.499773361236,-1.48841078635e-05
0.320000052452,0.0021755358617,0,-0.499741469631,-8.33824952913e-05
0.323199987411,0.00217145446532,0,-0.499706523619,-1.41086998463e-05
0.32640004158,0.00216737291688,0,-0.499671576306,5.51676763012e-05
0.32959997654,0.00216329152049,0,-0.499636630294,0.000124441471746
0.332800030708,0.00215923091022,0,-0.499598981038,7.26906641577e-05
0.335999965668,0.00215517344234,0,-0.499560947198,3.6523707654e-06
0.339200019836,0.00215111582332,0,-0.49952291194,-6.5388494556e-05
0.342399954796,0.0021470761967,0,-0.49948254657,-3.02839119645e-05
0.345600008965,0.00214304236678,0,-0.499441402506,3.9536916992e-05
0.348799943924,0.00213900868714,0,-0.499400259974,0.000109355144964
0.351999998093,0.00213498963804,0,-0.499357152503,9.20484679266e-05
0.355199933052,0.00213097960716,0,-0.499312868596,2.24659320513e-05
0.358399987221,0.00212696942688,0,-0.499268583038,-4.71191960281e-05
0.361600041389,0.00212297100226,0,-0.499222716171,-4.67260499862e-05
0.364799976349,0.00211898448149,0,-0.499175269806,2.36407936445e-05
0.368000030518,0.0021149978122,0,-0.499127821674,9.40102586977e-05
0.371199965477,0.00211102005602,0,-0.49907917694,0.000111690431106
0.374400019646,0.00210705675987,0,-0.499028533031,4.15566540814e-05
0.377599954605,0.00210309361137,0,-0.49897789101,-2.85745103006e-05
0.380800008774,0.00209913612428,0,-0.498926442828,-6.34440997106e-05
0.383999943733,0.00209519621102,0,-0.498872583849,7.47557487291e-06
0.387199997902,0.00209125615099,0,-0.498818722863,7.83978914739e-05
0.390399932861,0.00208731912475,0,-0.498764457599,0.000131619305458
0.39359998703,0.00208340216459,0,-0.49870734581,6.0932457983e-05
0.396800041199,0.00207948520444,0,-0.498650234022,-9.7543894915e-06
0.399999976158,0.0020755683902,0,-0.498593124361,-8.04386037203e-05
0.403200030327,0.00207167439439,0,-0.498532740263,-8.95984966776e-06
0.406399965286,0.00206778054375,0,-0.498472358398,6.25169036162e-05
0.409600019455,0.00206388654804,0,-0.498411974285,0.000133996319671
0.412799954414,0.00206001267288,0,-0.498348699248,8.05934941642e-05
0.416000008583,0.00205614150699,0,-0.498285008553,9.34911918407e-06
0.419199943542,0.0020522704853,0,-0.498221320231,-6.18926017812e-05
0.422399997711,0.00204841634114,0,-0.498155133326,-2.56745996362e-05
0.425599932671,0.00204456801457,0,-0.4980881168,4.63635128373e-05
0.428799986839,0.00204071954464,0,-0.498021097779,0.000118404308994
0.432000041008,0.00203688517664,0,-0.497951976788,0.000100539856904
0.435199975967,0.00203305941213,0,-0.497881597265,2.87361365089e-05
0.438400030136,0.00202923350509,0,-0.497811215121,-4.30702588373e-05
0.441599965096,0.00202541895552,0,-0.497739143108,-4.26698902118e-05
0.444800019264,0.0020216154791,0,-0.497665375873,2.99365997274e-05
0.447999954224,0.00201781214437,0,-0.497591611385,0.00010254038491
0.451200008392,0.00201401703011,0,-0.497516561488,0.000120779671279
0.454399943352,0.00201023599365,0,-0.497439376692,4.84094227205e-05
0.45759999752,0.00200645481634,0,-0.497362189021,-2.39635218946e-05
0.46079993248,0.00200267932149,0,-0.497284143645,-5.99496209596e-05
0.463999986649,0.00199892031254,0,-0.497203513345,1.32269097651e-05
0.467200040817,0.0019951613036,0,-0.497122883045,8.64034404897e-05
0.470399975777,0.00199140518935,0,-0.497041820954,0.000141313107068
0.473600029945,0.00198766821881,0,-0.496957712124,6.83690479923e-05
0.476799964905,0.00198393138747,0,-0.496873606428,-4.57229375199e-06
0.480000019073,0.00198019441713,0,-0.496789497565,-7.75149866476e-05
0.483199954033,0.00197647949418,0,-0.49670189105,-3.76678189339e-06
0.486400008202,0.00197276443283,0,-0.49661428127,6.99841702513e-05
0.489599943161,0.00196904950987,0,-0.496526674755,0.000143732375006
0.49279999733,0.0019653535064,0,-0.49643596978,8.86232408163e-05
0.495999932289,0.00196166036337,0,-0.496344825981,1.51062043304e-05
0.499199986458,0.00195796708276,0,-0.496253678786,-5.84135709343e-05
0.502400040627,0.001954290042,0,-0.496159861532,-2.1045657304e-05
0.505599975586,0.00195061855121,0,-0.496065157804,5.32813618713e-05
0.508800029755,0.00194694692364,0,-0.495970450547,0.00012761115
0.511999964714,0.00194328888626,0,-0.495873498694,0.00010917214864
0.515200018883,0.00193963878479,0,-0.495775194334,3.50720186652e-05
0.518399953842,0.00193598881928,0,-0.495676893636,-3.90253509116e-05
0.521600008011,0.0019323494177,0,-0.495576779297,-3.86192263895e-05
0.52479994297,0.00192872085128,0,-0.495474858757,3.62910558324e-05
0.527999997139,0.0019250921497,0,-0.49537293442,0.000111204128737
0.531199932098,0.00192147156068,0,-0.495269642366,0.000130018643654
0.534399986267,0.00191786413351,0,-0.495164060428,5.53334834187e-05
0.537600040436,0.00191425670634,0,-0.49505847849,-1.93516768164e-05
0.540799975395,0.00191065470081,0,-0.494951980338,-5.64887784036e-05
0.544000029564,0.00190706842334,0,-0.494842717695,1.90120626087e-05
0.547199964523,0.00190348227946,0,-0.494733459121,9.4510091043e-05
0.550400018692,0.00189989863036,0,-0.494623731585,0.000151162823111
0.553599953651,0.00189633351139,0,-0.494510754228,7.58907239356e-05
0.55680000782,0.0018927682596,0,-0.494397772663,6.15820598561e-07
0.55999994278,0.00188920314063,0,-0.494284795306,-7.46562785772e-05
0.563199996948,0.00188565879099,0,-0.494168071537,1.43473416971e-06
0.566399931908,0.00188211457366,0,-0.494051352064,7.75250268259e-05
0.569599986076,0.00187857022431,0,-0.493934628243,0.000153618154124
0.572800040245,0.00187504405737,0,-0.493814595976,9.67438074581e-05
0.575999975204,0.00187152061915,0,-0.493694095569,2.08772369413e-05
0.579200029373,0.00186799704966,0,-0.493573590674,-5.49921598829e-05
0.582399964333,0.00186448910457,0,-0.493450236863,-1.64422267747e-05
0.585600018501,0.00186098619313,0,-0.493325927328,6.02477401555e-05
0.588799953461,0.00185748341218,0,-0.493201622423,0.00013693485021
0.592000007629,0.00185399333624,0,-0.49307491036,0.000117901287793
0.595199942589,0.00185051109145,0,-0.49294676153,4.14354579357e-05
0.598399996758,0.00184702871694,0,-0.492818607925,-3.50332205537e-05
0.601599991322,0.00184355661541,0,-0.492688522801,-3.46215117758e-05
0.604799985886,0.0018400947219,0,-0.492556503788,4.26684439646e-05
0.60799998045,0.0018366328284,0,-0.492424484775,0.000119958399705
0.611199975014,0.001833178546,0,-0.492291000332,0.00013936331474
0.614399969578,0.00182973694894,0,-0.492155073474,6.22919639283e-05
0.617599964142,0.00182629535187,0,-0.492019146616,-1.47793868831e-05
0.620799958706,0.00182285879901,0,-0.491882236822,-5.31101634531e-05
0.624000012875,0.00181943731567,0,-0.491742375483,2.47872849988e-05
0.627200007439,0.00181601589605,0,-0.491602516749,0.000102683282522
0.630400002003,0.00181259698394,0,-0.491462161425,0.000161131426351
0.633599996567,0.00180919562348,0,-0.491318330134,8.34511144519e-05
0.636799991131,0.00180579426301,0,-0.491174498844,5.77080255328e-06
0.639999985695,0.00180239290254,0,-0.491030667554,-7.19095093454e-05
0.643199980259,0.00179901148363,0,-0.490882839443,6.59719061764e-06
0.646399974823,0.00179563006471,0,-0.490735011331,8.51038905806e-05
0.649599969387,0.00179224864579,0,-0.490587183219,0.000163610590544
0.652799963951,0.00178888457332,0,-0.490435821753,0.000104917345474
0.655999958515,0.00178552297903,0,-0.490283955499,2.66231694758e-05
0.659200012684,0.00178216132213,0,-0.490132086416,-5.1672464867e-05
0.662400007248,0.0017788145093,0,-0.489977173146,-1.19031514345e-05
0.665600001812,0.00177547262341,0,-0.489821244249,6.72189480764e-05
0.668799996376,0.00177213073753,0,-0.489665315351,0.000146341047587
0.67199999094,0.00176880109723,0,-0.489506821057,0.000126690761249
0.675199985504,0.00176547880419,0,-0.489346787545,4.77777793116e-05
0.678399980068,0.00176215651115,0,-0.489186754033,-3.11352026263e-05
0.681599974632,0.00175884395706,0,-0.489024655854,-3.0720946528e-05
0.684799969196,0.00175554114201,0,-0.48886049299,4.90212864035e-05
0.68799996376,0.00175223832695,0,-0.488696330125,0.000128763519335
0.691199958324,0.00174894277317,0,-0.488530602798,0.000148777331882
0.694400012493,0.00174565926074,0,-0.488362264815,6.92390815878e-05
0.697600007057,0.00174237580946,0,-0.488193929967,-1.02976872155e-05
0.700800001621,0.00173909717087,0,-0.488024545854,-4.98575487185e-05
0.703999996185,0.00173583296985,0,-0.487852014047,3.05095886204e-05
0.707199990749,0.00173256876883,0,-0.48767948224,0.000110876725959
0.710399985313,0.00172930696,0,-0.487506420398,0.000171177180695
0.713599979877,0.00172606189638,0,-0.487329648329,9.10116047503e-05
0.716799974442,0.00172281683275,0,-0.48715287626,1.08460288053e-05
0.719999969006,0.00171957176913,0,-0.486976104191,-6.93195471397e-05
0.72319996357,0.00171634573061,0,-0.486795066668,1.1676552572e-05
0.726399958134,0.00171311969218,0,-0.486614029124,9.2673402756e-05
0.729600012302,0.00170989359366,0,-0.486432988208,0.000173671761626
0.732800006866,0.00170668410483,0,-0.48624817985,0.000113095442621
0.736000001431,0.00170347698005,0,-0.486062832847,3.22959996402e-05
0.739199995995,0.00170026985526,0,-0.485877485843,-4.85034433407e-05
0.742399990559,0.00169707683261,0,-0.485688887641,-7.47917986676e-06
0.745599985123,0.00169388851059,0,-0.485499205726,7.415222938e-05
0.748799979687,0.00169070018857,0,-0.485309523811,0.000155783638627
0.751999974251,0.00168752354934,0,-0.485117104661,0.000135496695732
0.755199968815,0.00168435391984,0,-0.484923043157,5.40582859409e-05
0.758399963379,0.00168118429033,0,-0.484728981654,-2.73801238506e-05
0.761599957943,0.00167802395217,0,-0.48453271754,-2.69650459179e-05
0.764800012112,0.0016748728469,0,-0.484334247059,5.53073391514e-05
0.768000006676,0.00167172180033,0,-0.484135780274,0.000137578191804
0.77120000124,0.00166857768162,0,-0.483935644462,0.000158215478683
0.774399995804,0.00166544510902,0,-0.483732727017,7.61329621538e-05
0.777599990368,0.00166231253643,0,-0.483529809571,-5.9495543754e-06
0.780799984932,0.00165918455527,0,-0.483325772971,-4.678244497e-05
0.783999979496,0.00165607034835,0,-0.48311837893,3.61327739072e-05
0.78719997406,0.00165295614142,0,-0.48291098489,0.000119047992784
0.790399968624,0.00164984421667,0,-0.482703025532,0.000181258008786
0.793599963188,0.00164674826773,0,-0.482491108803,9.85262051721e-05
0.796799957752,0.00164365231879,0,-0.482279192073,1.57944015582e-05
0.799999952316,0.00164055636986,0,-0.482067275344,-6.69374020558e-05
0.803200006485,0.00163747851437,0,-0.481850805762,1.66271524353e-05
0.806400001049,0.00163440071638,0,-0.481634340169,0.000100191699171
0.809599995613,0.0016313229184,0,-0.481417874576,0.000183756245906
0.812799990177,0.00162826090944,0,-0.481197387741,0.000121238111242
0.815999984741,0.00162520115598,0,-0.480976326464,3.78517995178e-05
0.819199979305,0.00162214140252,0,-0.480755265188,-4.55345122059e-05
0.822399973869,0.00161909510309,0,-0.480530737341,-3.21712869735e-06
0.825599968433,0.00161605328836,0,-0.480305053964,8.10017467132e-05
0.828799962997,0.00161301147364,0,-0.480079370587,0.000165220622124
0.831999957561,0.00160998080478,0,-0.479850768703,0.000144274976629
0.835199952126,0.00160695682361,0,-0.479620415668,6.02288947892e-05
0.838400006294,0.00160393278612,0,-0.479390058342,-2.38187525333e-05
0.841600000858,0.00160091766958,0,-0.479157357116,-2.34014913198e-05
0.844799995422,0.00159791141742,0,-0.478922307763,6.14767530971e-05
0.847999989986,0.00159490516527,0,-0.47868725841,0.000146354997514
0.85119998455,0.00159190552254,0,-0.478450429815,0.000167636920936
0.854399979115,0.00158891689544,0,-0.478210635839,8.29257657453e-05
0.857599973679,0.00158592826834,0,-0.477970841863,-1.78538944509e-06
0.860799968243,0.00158294402161,0,-0.477729855021,-4.3933677029e-05
0.863999962807,0.00157997291625,0,-0.477485289518,4.16090166294e-05
0.867199957371,0.00157700181088,0,-0.477240724014,0.000127151710288
0.870399951935,0.00157403288273,0,-0.476995555979,0.000191330362945
0.873600006104,0.00157107914134,0,-0.476746165237,0.000105947199293
0.876800000668,0.00156812545497,0,-0.47649677914,2.05656259999e-05
0.879999995232,0.00156517176868,0,-0.47624739302,-6.4815148246e-05
0.883199989796,0.00156223539918,0,-0.475993159182,2.13971151195e-05
0.88639998436,0.00155929902969,0,-0.475738925344,0.000107609378485
0.889599978924,0.00155636266019,0,-0.475484691507,0.00019382164185
0.892799973488,0.00155344135411,0,-0.475226172289,0.00012929806935
0.895999968052,0.00155052219995,0,-0.474967040871,4.32406914119e-05
0.899199962616,0.0015476030458,0,-0.474707909453,-4.28166865259e-05
0.90239995718,0.00154469672736,0,-0.474445084334,8.33207945273e-07
0.905599951744,0.00154179468762,0,-0.474181027944,8.77202021134e-05
0.908800005913,0.00153889259383,0,-0.473916966635,0.000174608814681
0.912000000477,0.00153600118801,0,-0.473649800459,0.000152978491667
0.915199995041,0.00153311616234,0,-0.473380768473,6.62398804654e-05
0.918399989605,0.00153023113667,0,-0.473111736486,-2.04987307357e-05
0.921599984169,0.00152735456821,0,-0.472840202871,-2.00841669749e-05
0.924799978733,0.00152448645686,0,-0.472566167651,6.74827600732e-05
0.927999973297,0.00152161834552,0,-0.472292132431,0.000155049687121
0.931199967861,0.00151875653981,0,-0.47201620173,0.000176995032536
0.934399962425,0.00151590524361,0,-0.471737111855,8.95697171068e-05
0.937599956989,0.00151305394741,0,-0.47145802198,2.14440167776e-06
0.940799951553,0.00151020683023,0,-0.471177661512,-4.1362990667e-05
0.944000005722,0.0015073721978,0,-0.470893483807,4.68907565092e-05
0.947200000286,0.00150453761818,0,-0.470609311394,0.000135142859859
0.95039999485,0.00150170511596,0,-0.470324497108,0.000201347834684
0.953599989414,0.00149888715489,0,-0.470035189927,0.000113230301414
0.956799983978,0.00149606919383,0,-0.469745882746,2.51127681431e-05
0.959999978542,0.00149325123276,0,-0.469456575564,-6.30047651275e-05
0.963199973106,0.00149044979282,0,-0.469162105485,2.59377996872e-05
0.96639996767,0.00148764835288,0,-0.468867635406,0.000114880364502
0.969599962234,0.00148484691294,0,-0.468573165327,0.000203822929317
0.972799956799,0.00148205984414,0,-0.468274131318,0.000137228286961
0.975999951363,0.00147927482846,0,-0.467974445287,4.84129793299e-05
0.979200005531,0.00147648976091,0,-0.467674753674,-4.04039826181e-05
0.982400000095,0.00147371699135,0,-0.467371134356,4.62240987155e-06
0.985599994659,0.00147094830364,0,-0.467066203998,9.42607634225e-05
0.988799989223,0.00146817961594,0,-0.466761273641,0.000183899116973
0.991999983788,0.00146542107343,0,-0.466453031883,0.000161563802051
0.995199978352,0.00146266861796,0,-0.466142803309,7.20451203103e-05
0.998399972916,0.00145991616249,0,-0.465832574735,-1.747356143e-05
1.00160002708,0.00145717177552,0,-0.465519682754,-1.70635650412e-05
1.00479996204,0.00145443545712,0,-0.465204127342,7.32759470081e-05
1.007999897,0.00145169913873,0,-0.464888571929,0.000163615459057
1.01119995117,0.00144896883614,0,-0.464570998466,0.000186243633285
1.01440000534,0.00144624850953,0,-0.464250055499,9.60142535764e-05
1.01760005951,0.0014435282336,0,-0.463929118509,5.78655449212e-06
1.02079999447,0.00144081194485,0,-0.463606828876,-3.91216438712e-05
1.02399992943,0.00143810761733,0,-0.463280481441,5.19244393122e-05
1.0271999836,0.0014354032898,0,-0.462954134006,0.000142970522496
1.03040003777,0.00143270094415,0,-0.462627103312,0.000211267938917
1.03359997272,0.00143001247152,0,-0.462295289829,0.000120325535456
1.03679990768,0.00142732399889,0,-0.461963476346,2.93831319955e-05
1.03999996185,0.00142463552626,0,-0.461631662863,-6.15592714652e-05
1.04320001602,0.0014219628155,0,-0.461294354243,3.01979879967e-05
1.04639995098,0.00141929010482,0,-0.460957045597,0.000121956098226
1.04960000515,0.00141661734436,0,-0.460619730669,0.000213715917586
1.05279994011,0.00141395834465,0,-0.460277564288,0.000144979095805
1.05599999428,0.0014113013035,0,-0.459934704002,5.33162568558e-05
1.05920004845,0.00140864426235,0,-0.459591843715,-3.83465820935e-05
1.06239998341,0.0014059989045,0,-0.459244797656,8.09507889479e-06
1.06559991837,0.00140335744102,0,-0.458896356366,0.000100570715733
1.06879997253,0.00140071597754,0,-0.458547915076,0.00019304635257
1.0720000267,0.00139808419299,0,-0.458195949813,0.000169981882995
1.07519996166,0.00139545821583,0,-0.457841870151,7.75928330665e-05
1.07839989662,0.00139283223868,0,-0.457487790488,-1.47962168626e-05
1.08159995079,0.00139021395919,0,-0.457130876875,-1.43926846125e-05
1.08480000496,0.00138760332895,0,-0.45677112253,7.88077584163e-05
1.08800005913,0.00138499274734,0,-0.456411374887,0.000172006465481
1.09119999409,0.00138238790531,0,-0.456049479861,0.000195334059014
1.09439992905,0.00137979262897,0,-0.455684005962,0.000102212977939
1.09759998322,0.00137719735263,0,-0.455318532064,9.09189686255e-06
1.10080003738,0.00137460588019,0,-0.45495161913,-3.72668548508e-05
1.10399997234,0.0013720258194,0,-0.454580389121,5.66605105099e-05
1.1071999073,0.00136944575861,0,-0.454209159111,0.000150587875871
1.11039996147,0.00136686758855,0,-0.453837202212,0.000221042713534
1.11360001564,0.00136430263019,0,-0.453460153387,0.000127182862032
1.1167999506,0.00136173769573,0,-0.453083108074,3.33238846625e-05
1.12000000477,0.00135917276127,0,-0.452706062761,-6.05350927074e-05
1.12319993973,0.00135662286446,0,-0.45232317204,3.41265638811e-05
1.1263999939,0.00135407296765,0,-0.45194028132,0.00012878822047
1.12960004807,0.00135152304709,0,-0.451557387034,0.000223450758665
1.13279998302,0.00134898623114,0,-0.451169328948,0.000152505258509
1.13599991798,0.00134645128381,0,-0.450780532695,5.79024744374e-05
1.13919997215,0.00134391633648,0,-0.450391736441,-3.67003096347e-05
1.14240002632,0.00134139253551,0,-0.449998488282,1.11999926565e-05
1.14559996128,0.00133887245003,0,-0.449603756146,0.000106601618662
1.14880001545,0.00133635234107,0,-0.449209020333,0.000202004133165
1.15199995041,0.00133384148981,0,-0.44881054008,0.000178183846011
1.15520000458,0.00133133617902,0,-0.448409810985,8.28312992317e-05
1.15839993954,0.00132883086823,0,-0.44800908189,-1.25212475479e-05
1.16159999371,0.00132633290145,0,-0.447605339032,-1.21243071665e-05
1.16479992867,0.00132384225555,0,-0.447198578594,8.40239075612e-05
1.16799998283,0.00132135163285,0,-0.446791821944,0.000180171226846
1.171200037,0.0013188664859,0,-0.446382781686,0.000204222348913
1.17439997196,0.00131639046516,0,-0.445969935443,0.000108114037545
1.17759990692,0.00131391444441,0,-0.4455570892,1.20057261782e-05
1.18079996109,0.00131144205271,0,-0.445142712869,-3.58514857921e-05
1.18400001526,0.0013089805254,0,-0.444723742287,6.10481991529e-05
1.18719995022,0.00130651902101,0,-0.444304775607,0.000157946981656
1.19040000439,0.00130405932054,0,-0.443885035992,0.000230624538053
1.19359993935,0.0013016122474,0,-0.443459885858,0.000133754414018
1.19679999352,0.00129916517425,0,-0.443034735723,3.68842899818e-05
1.20000004768,0.00129671807838,0,-0.442609581601,-5.99858303942e-05
1.20319998264,0.00129428535188,0,-0.442178216923,3.76702317718e-05
1.2063999176,0.00129185262538,0,-0.441746852245,0.000135326293938
1.20959997177,0.00128941989888,0,-0.441315487567,0.000232982356104
1.21280002594,0.00128699965207,0,-0.440878629156,0.000159756200182
1.2159999609,0.00128458118809,0,-0.440440985922,6.21181689023e-05
1.21920001507,0.00128216270158,0,-0.440003338611,-3.55207717035e-05
1.22239995003,0.00127975487182,0,-0.439560962937,1.3884809095e-05
1.2256000042,0.00127735058675,0,-0.439117009812,0.000112304014289
1.22879993916,0.00127494630167,0,-0.438673056687,0.000210723219482
1.23199999332,0.00127255082643,0,-0.438225119251,0.000186123215188
1.23519992828,0.00127016063712,0,-0.437774791211,8.77111352597e-05
1.23839998245,0.00126777042555,0,-0.437324458977,-1.07018612039e-05
1.24160003662,0.00126538724284,0,-0.436870927675,-1.0313311626e-05
1.24479997158,0.00126301106667,0,-0.436414193141,8.88749473079e-05
1.24799990654,0.0012606348905,0,-0.435957458607,0.000188063206242
1.25119996071,0.0012582639384,0,-0.435498296887,0.000212859326528
1.25440001488,0.00125590167119,0,-0.435035085494,0.000113666085628
1.25759994984,0.00125353942598,0,-0.434571878415,1.44737685292e-05
1.26080000401,0.00125118064312,0,-0.434107045236,-3.49294196615e-05
1.26399993896,0.00124883224722,0,-0.433637333788,6.50338514788e-05
1.26719999313,0.00124648385131,0,-0.43316762234,0.000164997122619
1.27039992809,0.00124413717636,0,-0.432697089485,0.000239968450758
1.27359998226,0.00124180252681,0,-0.432220802138,0.000139988729384
1.27679991722,0.001239467899,0,-0.431744519227,4.00099391366e-05
1.27999997139,0.00123713327119,0,-0.431268236315,-5.9968851111e-05
1.28320002556,0.00123481233076,0,-0.430785349872,4.07754389147e-05
1.28639996052,0.00123249139033,0,-0.43030246343,0.000141519728941
1.28960001469,0.00123017042829,0,-0.42981957249,0.000242264957222
1.29279994965,0.00122786139415,0,-0.429330848295,0.000166682068645
1.29600000381,0.00122555406085,0,-0.428841290167,6.5910521507e-05
1.29919993877,0.00122324672754,0,-0.428351732038,-3.48610256308e-05
1.30239999294,0.00122094953974,0,-0.42785714592,1.60943752331e-05
1.3055999279,0.00121865573379,0,-0.427360883795,0.000117625739447
1.30879998207,0.00121636190648,0,-0.426864617048,0.000219158049247
1.31200003624,0.00121407650559,0,-0.426364121636,0.000193750072307
1.3151999712,0.00121179614768,0,-0.425861086282,9.21794364445e-05
1.31839990616,0.00120951578977,0,-0.425358050929,-9.39119941824e-06
1.32159996033,0.00120724211643,0,-0.424851612701,-9.01472069063e-06
1.3248000145,0.00120497510661,0,-0.424341766817,9.3310775063e-05
1.32799994946,0.0012027081179,0,-0.423831925682,0.000195635317843
1.33120000362,0.00120044611326,0,-0.423319505995,0.000221196760312
1.33439993858,0.00119819241536,0,-0.422802788752,0.000118820655474
1.33759999275,0.00119593871746,0,-0.422286071509,1.64445506358e-05
1.34079992771,0.00119368832273,0,-0.421767627064,-3.4557276888e-05
1.34399998188,0.00119144781686,0,-0.421243996042,6.85675587551e-05
1.34719991684,0.00118920733186,0,-0.420720369897,0.000171691433981
1.35039997101,0.00118696848879,0,-0.420195871205,0.000249026204364
1.35360002518,0.0011847411392,0,-0.419665264719,0.00014583820157
1.35679996014,0.00118251377924,0,-0.419134655761,4.2649718268e-05
1.36000001431,0.00118028642965,0,-0.418604049275,-6.05382845264e-05
1.36319994926,0.00117807213848,0,-0.418066429413,4.33911269824e-05
1.36640000343,0.001175857837,0,-0.417528807048,0.000147321022451
1.36959993839,0.00117364354583,0,-0.416991187186,0.00025125043396
1.37279999256,0.00117144061377,0,-0.416447367126,0.000173236149974
1.37599992752,0.0011692392942,0,-0.415902658783,6.92292868442e-05
1.37919998169,0.00116703798487,0,-0.415357952977,-3.4777091967e-05
1.38240003586,0.00116484634465,0,-0.414807905195,1.77774595782e-05
1.38559997082,0.00116265794107,0,-0.414256080171,0.000122518661608
1.38879990578,0.00116046953749,0,-0.413704255146,0.000227259863638
1.39199995995,0.00115828914256,0,-0.413147931946,0.00020101814077
1.39520001411,0.00115611356905,0,-0.412588913986,9.61868584775e-05
1.39839994907,0.00115393799554,0,-0.412029896026,-8.64442381463e-06
1.40160000324,0.00115176878936,0,-0.411467262222,-8.2804144459e-06
1.4047999382,0.0011496059707,0,-0.410901017815,9.72788831935e-05
1.40799999237,0.00114744315205,0,-0.410334773408,0.000202838180833
1.41119992733,0.00114528507838,0,-0.409765788352,0.000229189328452
1.4143999815,0.00114313493979,0,-0.409192242614,0.000123526565485
1.41759991646,0.0011409848012,0,-0.408618696876,1.78638025182e-05
1.42079997063,0.00113883780405,0,-0.408043314689,-3.47875774736e-05
1.4240000248,0.0011367002712,0,-0.407462433871,7.15961721649e-05
1.42719995975,0.0011345627284,0,-0.406881550349,0.000177980417192
1.43040001392,0.00113242676203,0,-0.406299743134,0.000257753465345
1.43359994888,0.001130301761,0,-0.405711451168,0.000151252594423
1.43680000305,0.00112817675007,0,-0.405123156462,4.4751227566e-05
1.43999993801,0.00112605174904,0,-0.404534864495,-6.17496433565e-05
1.44319999218,0.00112393920636,0,-0.403939127397,4.54649664424e-05
1.44639992714,0.00112182665384,0,-0.403343387524,0.000152680075499
1.44959998131,0.00111971411116,0,-0.402747650426,0.000259894685298
1.45279991627,0.00111761240561,0,-0.402145331225,0.000179369186918
1.45599997044,0.00111551223846,0,-0.401542068911,7.20230304839e-05
1.4591999054,0.00111341208108,0,-0.400938809405,-3.53226260822e-05
1.46239995956,0.00111132114849,0,-0.400329879596,1.8880159927e-05
1.46560001373,0.00110923330381,0,-0.399719063467,0.00012693209026
1.46879994869,0.00110714545913,0,-0.399108247338,0.000234984020594
1.47200000286,0.00110506525508,0,-0.39849265639,0.000207880136596
1.47519993782,0.0011029896509,0,-0.397874205138,9.96829659388e-05
1.47839999199,0.00110091404188,0,-0.397255752445,-8.51445663506e-06
1.48159992695,0.00109884452207,0,-0.396633466408,-8.16515999536e-06
1.48479998112,0.00109678108183,0,-0.396007344126,0.000100730857484
1.48799991608,0.00109471764159,0,-0.395381221845,0.000209626874964
1.49119997025,0.0010926587379,0,-0.394752193557,0.000236790801261
1.49440002441,0.00109060739985,0,-0.394118323418,0.000127735336959
1.49759995937,0.00108855605703,0,-0.393484451804,1.86796187426e-05
1.50080001354,0.00108650772083,0,-0.392848634182,-3.56754377387e-05
1.5039999485,0.00108446840926,0,-0.39220698005,7.40707260252e-05
1.50720000267,0.00108242909294,0,-0.391565324424,0.000183817145312
1.51039993763,0.00108039127112,0,-0.390922685668,0.000266105092646
1.5135999918,0.00107836391078,0,-0.390273165023,0.000156184247764
1.51679992676,0.00107633655516,0,-0.389623645889,4.62636588109e-05
1.51999998093,0.00107430919482,0,-0.388974125243,-6.36571860714e-05
1.52319991589,0.00107229372037,0,-0.388316704671,4.69462548875e-05
1.52639997005,0.00107027825062,0,-0.38765928563,0.000157549438328
1.52959990501,0.00106826277617,0,-0.387001865058,0.000268152879287
1.53279995918,0.00106625764089,0,-0.386337460046,0.000185034626263
1.53600001335,0.00106425398264,0,-0.385672057254,7.42417718881e-05
1.53919994831,0.00106225032673,0,-0.385006655237,-3.65509535072e-05
1.54240000248,0.001060255481,0,-0.38433524021,1.93511849579e-05
1.54559993744,0.00105826356968,0,-0.383661820066,0.00013081832156
1.54879999161,0.00105627166068,0,-0.382988400706,0.000242285328397
1.55199992657,0.00105428705045,0,-0.382309918259,0.000214290695399
1.55519998074,0.00105230681718,0,-0.381628397164,0.000102618896544
1.5583999157,0.00105032658622,0,-0.380946876862,-9.05277230828e-06
1.56159996986,0.00104835215774,0,-0.380261287612,-8.71989133876e-06
1.56480002403,0.00104638353635,0,-0.379571631012,0.000103617538677
1.56799995899,0.00104441491268,0,-0.378881973609,0.000215955099471
1.57120001316,0.00104245061935,0,-0.378189234048,0.000243956860578
1.57439994812,0.00104049353833,0,-0.377491355817,0.000131399195254
1.57760000229,0.0010385364573,0,-0.376793477586,1.88415299306e-05
1.58079993725,0.00103658224474,0,-0.376093535152,-3.72730105311e-05
1.58399999142,0.00103463663757,0,-0.375387400114,7.59416921757e-05
1.58719992638,0.00103269103096,0,-0.374681265281,0.000189156361933
1.59039998055,0.00103074684961,0,-0.373974087357,0.000274037880663
1.5935999155,0.00102881264929,0,-0.37325960934,0.000160587260004
1.59679996967,0.00102687844882,0,-0.372545131272,4.71366310897e-05
1.59999990463,0.00102494424836,0,-0.371830653204,-6.63139978242e-05
1.6031999588,0.0010230213876,0,-0.371107796256,4.77847430415e-05
1.60640001297,0.00102109852684,0,-0.370384939309,0.000161883483907
1.60959994793,0.00101917566623,0,-0.369662082414,0.000275982216471
1.6128000021,0.00101726266939,0,-0.368931817206,0.000190187711925
1.61599993706,0.00101535108226,0,-0.368200493894,7.58370425615e-05
1.61919999123,0.00101343949457,0,-0.36746917037,-3.85136600827e-05
1.62239992619,0.00101153631223,0,-0.366731469943,1.91408990067e-05
1.62559998035,0.00100963593167,0,-0.36599164388,0.000134130589838
1.62879991531,0.00100773555111,0,-0.365251817816,0.00024912028067
1.63199996948,0.00100584213503,0,-0.364506622453,0.000220205267979
1.63520002365,0.00100395289478,0,-0.363758204378,0.000104947285548
1.63839995861,0.00100206365673,0,-0.363009787174,-1.03105627063e-05
1.64160001278,0.00100017995453,0,-0.362257055193,-9.99572808172e-06
1.64479994774,0.000998301792577,0,-0.361500010189,0.000105891788688
1.64800000191,0.000996423628434,0,-0.360742964304,0.000221779440369
1.65119993687,0.000994549595658,0,-0.359982649953,0.000250644506467
1.65439999104,0.000992682444846,0,-0.359216886697,0.000134472244828
1.65759992599,0.00099081529186,0,-0.358451122548,1.82998479471e-05
1.66079998016,0.000988950877693,0,-0.357683170621,-3.9631311484e-05
1.66399991512,0.000987094673479,0,-0.356908652671,7.71611069138e-05
1.66719996929,0.000985238467103,0,-0.35613413382,0.000193953661276
1.67039990425,0.000983383621034,0,-0.355358509141,0.000281510319911
1.67359995842,0.000981538297078,0,-0.354575143696,0.000164416253016
1.67680001259,0.000979692977419,0,-0.353791780074,4.7322458752e-05
1.67999994755,0.000977847653463,0,-0.353008414628,-6.97716081429e-05
1.68320000172,0.000976013148137,0,-0.35221616594,4.7932915191e-05
1.68639993668,0.000974178647081,0,-0.351423919096,0.000165637164473
1.68959999084,0.000972344141755,0,-0.350631670408,0.000283341687807
1.6927999258,0.000970519047215,0,-0.349831567201,0.000194784655518
1.69599997997,0.000968695297076,0,-0.349030341917,7.67616083054e-05
1.69919991493,0.000966871551184,0,-0.348229118498,-4.12611641137e-05
1.7023999691,0.000965055820147,0,-0.347421133132,1.82006488084e-05
1.70560002327,0.000963242762152,0,-0.346610894398,0.000136824265437
1.70879995823,0.000961429708378,0,-0.345800657551,0.000255447605874
1.7120000124,0.000959623293777,0,-0.344984726145,0.00022558204896
1.71519994736,0.000957820865226,0,-0.344165379123,0.000106622656021
1.71840000153,0.000956018436676,0,-0.343346032101,-1.23367369174e-05
1.72159993649,0.000954221295877,0,-0.342522114326,-1.20414876835e-05
1.72479999065,0.000952429434463,0,-0.34169362196,0.000107508405098
1.72799992561,0.000950637577221,0,-0.340865131523,0.000227058019531
1.73119997978,0.000948849651083,0,-0.340033171585,0.000256813086959
1.73439991474,0.000947068298987,0,-0.339195439477,0.000136910206557
1.73759996891,0.000945286946891,0,-0.338357707369,1.70073261557e-05
1.74079990387,0.000943508197404,0,-0.337517651618,-4.27993300609e-05
1.74399995804,0.000941737288875,0,-0.336670640584,7.76838002599e-05
1.74720001221,0.0009399663721,0,-0.335823625606,0.000198167491625
1.75039994717,0.000938196761368,0,-0.334975442466,0.000288483324978
1.75360000134,0.000936436235165,0,-0.334119054624,0.000167629203368
1.75679993629,0.000934675700763,0,-0.333262662794,4.67745189863e-05
1.75999999046,0.00093291517456,0,-0.332406274952,-7.40796026234e-05
1.76319992542,0.000931164969823,0,-0.331540472853,4.73443450339e-05
1.76639997959,0.000929414756936,0,-0.330674666721,0.000168768858116
1.76959991455,0.0009276645522,0,-0.329808864621,0.000290192805774
1.77279996872,0.00092592332578,0,-0.328934738039,0.000198784656936
1.77600002289,0.000924183373882,0,-0.328059418163,7.69711938387e-05
1.77919995785,0.000922443430087,0,-0.327184102363,-4.48417020218e-05
1.78240001202,0.00092071112882,0,-0.326301618948,1.64844544834e-05
1.78559994698,0.000918981385818,0,-0.325416751807,0.000138856581015
1.78880000114,0.000917251642816,0,-0.324531884665,0.000261228707547
1.7919999361,0.000915528229898,0,-0.323640980645,0.000230381073961
1.79519999027,0.000913808627872,0,-0.322746461135,0.000107601814136
1.79839992523,0.000912089025846,0,-0.321851941625,-1.51774456886e-05
1.8015999794,0.000910374456601,0,-0.320952572829,-1.49032105571e-05
1.80479991436,0.000908664936107,0,-0.320048363122,0.000108424516977
1.80799996853,0.000906955415612,0,-0.319144153416,0.00023175224451
1.81119990349,0.000905249645579,0,-0.318236267168,0.000262424740589
1.81439995766,0.000903550147498,0,-0.317322264625,0.000138671470029
1.81760001183,0.000901850649416,0,-0.316408262083,1.49181994689e-05
1.82079994678,0.000900153634348,0,-0.315491797561,-4.68243380129e-05
1.82400000095,0.000898464099931,0,-0.314567964172,7.74664737804e-05
1.82719993591,0.000896774557646,0,-0.313644126481,0.000201757864349
1.83039999008,0.000895086261388,0,-0.312719051196,0.000294920306522
1.83359992504,0.000893406632207,0,-0.311785282683,0.000170185320975
1.83679997921,0.000891726995205,0,-0.310851509822,4.54497545841e-05
1.83999991417,0.000890047366024,0,-0.309917741309,-7.92852309631e-05
1.84319996834,0.000888377584017,0,-0.308973999484,4.59762099941e-05
1.84640002251,0.000886707794235,0,-0.308030253263,0.000171238234246
1.84959995747,0.000885038012228,0,-0.307086511437,0.000296499675203
1.85279989243,0.000883376795967,0,-0.30613395027,0.000202148596598
1.85599994659,0.000881716803391,0,-0.305180129189,7.64241339493e-05
1.85920000076,0.000880056795354,0,-0.304226299226,-4.93014996021e-05
1.86239993572,0.000878404101847,0,-0.303264889896,1.39480226255e-05
1.86559998989,0.000876753841317,0,-0.302300951197,0.000140187699844
1.86879992485,0.000875103580787,0,-0.301337012498,0.000266427377062
1.87199997902,0.000873459367101,0,-0.300366683035,0.000234566597655
1.87519991398,0.000871818781549,0,-0.299392519084,0.000107844837504
1.87839996815,0.000870178180717,0,-0.298418346061,-1.88781028363e-05
1.88159990311,0.00086854240432,0,-0.297439050194,-1.86255999943e-05
1.88479995728,0.000866911437033,0,-0.296454622458,0.000108599983303
1.88800001144,0.000865280469746,0,-0.295470194722,0.000235825566601
1.8911999464,0.00086365308813,0,-0.294481877089,0.000267444696893
1.89440000057,0.000862031667606,0,-0.29348706695,0.000139716570595
1.89759993553,0.000860410262182,0,-0.292492266076,1.19896338481e-05
1.9007999897,0.000858791233222,0,-0.29149486223,-5.17504651407e-05
1.90399992466,0.000857179333613,0,-0.290489649519,7.64687572988e-05
1.90719997883,0.000855567434003,0,-0.289484436809,0.000204687979738
1.91039991379,0.000853956715613,0,-0.288477908773,0.000300788339921
1.91359996796,0.000852354251151,0,-0.287462163665,0.000172047089381
1.91680002213,0.000850751801612,0,-0.286446428017,4.33070378292e-05
1.91999995708,0.000849149352074,0,-0.285430692369,-8.54330137229e-05
1.92319989204,0.000847556297213,0,-0.284404394926,4.37876447294e-05
1.92639994621,0.000845963242352,0,-0.283378097482,0.000173008303182
1.92960000038,0.000844370172654,0,-0.28235179048,0.000302230165097
1.93279993534,0.00084278528997,0,-0.281316152655,0.000204840673582
1.93599998951,0.000841201574695,0,-0.280279180538,7.50795094802e-05
1.93919992447,0.00083961785942,0,-0.279242208422,-5.46816546216e-05
1.94239997864,0.000838041107766,0,-0.278197201054,1.0550218449e-05
1.9455999136,0.000836466677332,0,-0.277149515252,0.000140780174137
1.94879996777,0.000834892232235,0,-0.276101819693,0.000271011342688
1.95199990273,0.000833323570823,0,-0.275047366129,0.00023810285743
1.95519995689,0.000831758370783,0,-0.273988851959,0.000107312523077
1.95840001106,0.000830193170742,0,-0.272930337789,-2.34778112757e-05
1.96159994602,0.000828632558824,0,-0.271866389879,-2.32499990415e-05
1.96480000019,0.00082707652058,0,-0.270796998219,0.000107998402326
1.96799993515,0.000825520496827,0,-0.269727616519,0.000239245581357
1.97119998932,0.000823967894019,0,-0.268654115781,0.00027183925035
1.97439992428,0.000822420992743,0,-0.267573750031,0.000140011627654
1.97759997845,0.000820874091467,0,-0.266493384282,8.18400495818e-06
1.98079991341,0.000819329457411,0,-0.265410262733,-5.76195359386e-05
1.98399996758,0.000817791610817,0,-0.264318863466,7.46540898884e-05
1.98720002174,0.000816253778545,0,-0.263227474363,0.000206926483831
1.9903999567,0.000814717073256,0,-0.262134692536,0.00030605553795
1.99359989166,0.000813188256806,0,-0.261032161695,0.000173182447987
1.99679994583,0.000811659440357,0,-0.259929630853,4.03093580241e-05
2,0.000810130623908,0,-0.258827100012,-9.25637319386e-05
2.00320005417,0.000808610756236,0,-0.25771337767,4.07419364957e-05
2.00639986992,0.000807090902761,0,-0.256599665649,0.000174047602916
2.00959992409,0.000805571049287,0,-0.255485953627,0.000307353269336
2.01279997826,0.00080405899242,0,-0.254362352833,0.000206830685465
2.01600003242,0.000802548049359,0,-0.253237339349,7.29038880674e-05
2.01919984818,0.000801037092228,0,-0.252112315388,-6.10241566229e-05
2.02239990234,0.000799532792837,0,-0.250978796089,6.25537823818e-06
2.02559995651,0.000798030707962,0,-0.249842441571,0.000140602441269
2.02880001068,0.000796528623087,0,-0.248706087052,0.0002749495043
2.03200006485,0.000795032042096,0,-0.247562568026,0.000240962119062
2.0351998806,0.000793538763461,0,-0.246414750263,0.000105973312346
2.03839993477,0.000792045470918,0,-0.245266921811,-2.90167515543e-05
2.04159998894,0.000790556569613,0,-0.24411335255,-2.88121999191e-05
2.04480004311,0.000789072045598,0,-0.242954031845,0.000106584450985
2.04799985886,0.000787587521583,0,-0.241794711141,0.00024198110189
2.05119991302,0.000786106261274,0,-0.240631030303,0.000275582606222
2.05439996719,0.000784630426796,0,-0.239460071581,0.000139522159004
2.05760002136,0.000783154606064,0,-0.238289123765,3.46297893797e-06
2.06080007553,0.000781680948408,0,-0.237115259203,-6.44674644283e-05
2.06399989128,0.000780213779942,0,-0.235932644459,7.19870333117e-05
2.06719994545,0.000778746611476,0,-0.234750029716,0.000208441531052
2.07039999962,0.000777280518166,0,-0.233565940885,0.000310698083833
2.07360005379,0.000775821937646,0,-0.232371521928,0.000173558826587
2.07679986954,0.000774363370709,0,-0.231177114095,3.64208465395e-05
2.07999992371,0.000772904803772,0,-0.229982706263,-0.000100717133508
2.08319997787,0.000771454787945,0,-0.228776465415,3.6803538295e-05
2.08640003204,0.000770004772118,0,-0.227570224567,0.000174324210098
2.08960008621,0.000768554742787,0,-0.226363972485,0.000311846162663
2.09279990196,0.000767112165339,0,-0.225147265535,0.000208088012104
2.09599995613,0.000765670650477,0,-0.223929063484,6.98627423941e-05
2.0992000103,0.000764229135615,0,-0.222710861433,-6.83625273157e-05
2.10239982605,0.000762793959096,0,-0.221483658471,1.02726443981e-06
2.10559988022,0.000761360895369,0,-0.220253455186,0.000139622506366
2.10879993439,0.000759927831643,0,-0.219023251902,0.000278217748293
2.11199998856,0.000758500018849,0,-0.21778546652,0.000243117048108
2.11520004272,0.000757075356701,0,-0.216543131756,0.000103795935525
2.11840009689,0.000755650668015,0,-0.215300773852,-3.55277721216e-05
2.12159991264,0.00075423018209,0,-0.214052353199,-3.53472408462e-05
2.12479996681,0.000752813872272,0,-0.212797846829,0.000104331036705
2.12800002098,0.000751397562453,0,-0.211543340459,0.000244009314257
2.13119983673,0.000749984366406,0,-0.210284220087,0.00027864815886
2.1343998909,0.000748576359939,0,-0.20901740977,0.00013822258622
2.13759994507,0.000747168353472,0,-0.207750599454,-2.20298641931e-06
2.14079999924,0.000745762410646,0,-0.20648070314,-7.23306857997e-05
2.14400005341,0.000744362658859,0,-0.205201548663,6.84391628587e-05
2.14719986916,0.000742962907072,0,-0.203922394185,0.000209209011517
2.15039992332,0.000741564180998,0,-0.202641679988,0.000314692754685
2.15359997749,0.000740172609565,0,-0.201350022823,0.000173151403989
2.15680003166,0.000738781064052,0,-0.200058389717,3.16126896623e-05
2.15999984741,0.000737389518577,0,-0.198766756552,-0.000109924704938
2.16319990158,0.000736006131236,0,-0.197462604521,3.19453209106e-05
2.16639995575,0.000734622743895,0,-0.196158452491,0.000173815346759
2.16960000992,0.000733239356554,0,-0.19485430046,0.000315685372607
2.17280006409,0.000731863065748,0,-0.193539074826,0.000208591264204
2.17599987984,0.000730487788739,0,-0.192222267239,6.59306616297e-05
2.17919993401,0.000729112511729,0,-0.190905459653,-7.67299409447e-05
2.18239998817,0.000727743281767,0,-0.189579130198,-5.16259401865e-06
2.18559980392,0.000726376067549,0,-0.188249626688,0.000137816286266
2.18879985809,0.000725008827865,0,-0.186920098415,0.000280797829743
2.19199991226,0.000723646623402,0,-0.185582573087,0.000244543175619
2.19519996643,0.000722287424695,0,-0.184240234823,0.000100751872838
2.1984000206,0.000720928225988,0,-0.18289789656,-4.30394299433e-05
2.20160007477,0.000719573011563,0,-0.181549120674,-4.28861691728e-05
2.20479989052,0.000718221781383,0,-0.180193907225,0.000101210314565
2.20799994469,0.000716870551203,0,-0.178838693776,0.000245306798303
2.21119999886,0.000715522291674,0,-0.177478599271,0.000281018861509
2.21439981461,0.000714178983293,0,-0.17611036957,0.000136087980677
2.21759986877,0.000712835674912,0,-0.17474213987,-8.84290015433e-06
2.22079992294,0.000711494335307,0,-0.173370646091,-8.12376981229e-05
2.22399997711,0.000710158877416,0,-0.171989333924,6.39879154432e-05
2.22720003128,0.000708823444399,0,-0.170608047485,0.000209210824017
2.23040008545,0.000707488990071,0,-0.169225110967,0.000318019417587
2.2335999012,0.000706161386236,0,-0.167830624451,0.000171940014482
2.23679995537,0.000704833782401,0,-0.166436137935,2.58606113784e-05
2.24000000954,0.000703506178567,0,-0.165041651419,-0.000120218791726
2.24319982529,0.000702186358023,0,-0.163633924293,2.6139436028e-05
2.24639987946,0.000700866537479,0,-0.162226197167,0.000172497663782
2.24959993362,0.000699546716935,0,-0.16081847004,0.000318855891535
2.25279998779,0.000698233666794,0,-0.159399030007,0.000208319888656
2.25600004196,0.000696921583899,0,-0.157977916621,6.10829521937e-05
2.25920009613,0.000695609476565,0,-0.156556776765,-8.61567267751e-05
2.26239991188,0.000694303162953,0,-0.155125593148,-1.23366729049e-05
2.26559996605,0.000692998772352,0,-0.153691052933,0.000135165841933
2.26880002022,0.000691694381751,0,-0.152256512718,0.000282668356771
2.27199983597,0.000690394770663,0,-0.150813488197,0.00024522872096
2.27519989014,0.000689098027247,0,-0.149365373154,9.68251726811e-05
2.27839994431,0.000687801283832,0,-0.147917258111,-5.15783755979e-05
2.28159999847,0.000686508341579,0,-0.146462335388,-5.14529193844e-05
2.28480005264,0.000685219200525,0,-0.145000604922,9.72029246142e-05
2.28799986839,0.00068393005947,0,-0.143538874455,0.000245858768613
2.29119992256,0.000682643752526,0,-0.142071981914,0.000282678687958
2.29439997673,0.00068136214538,0,-0.140596458153,0.000133096595416
2.2976000309,0.000680080562105,0,-0.139120961875,-1.64827109903e-05
2.30079984665,0.000678800857245,0,-0.137642013911,-9.12108755642e-05
2.30399990082,0.000677526787449,0,-0.13615271121,5.86074144526e-05
2.30719995499,0.000676252717654,0,-0.134663408508,0.000208425704469
2.31040000916,0.000674979581541,0,-0.133172360894,0.000320670998367
2.31360006332,0.000673712981165,0,-0.131669098953,0.000169906719124
2.31679987907,0.00067244638079,0,-0.130165837012,1.91424398811e-05
2.31999993324,0.000671179780414,0,-0.128662575071,-0.000131621839362
2.32319998741,0.000669920605641,0,-0.127145313338,1.93666837738e-05
2.32639980316,0.000668661430903,0,-0.12562805154,0.000170356612064
2.32959985733,0.000667402232711,0,-0.12411076148,0.000321349352766
2.3327999115,0.000666149517368,0,-0.122581113808,0.000207256730005
2.33599996567,0.000664897724722,0,-0.121049696866,5.52981943426e-05
2.33920001984,0.000663645932076,0,-0.119518279925,-9.66603413196e-05
2.34240007401,0.000662399643572,0,-0.117976216117,-2.05207869582e-05
2.34559988976,0.000661155189748,0,-0.116430603419,0.000131650047863
2.34879994392,0.000659910735924,0,-0.114884990722,0.000283820882684
2.35199999809,0.000658670841954,0,-0.113330407079,0.000245159138252
2.35519981384,0.000657433683916,0,-0.11177044083,9.19969931768e-05
2.35839986801,0.000656196525879,0,-0.11021047458,-6.11651518983e-05
2.36159992218,0.000654962994302,0,-0.108643311357,-6.10678223567e-05
2.36479997635,0.000653733066377,0,-0.107068921634,9.22961204668e-05
2.36800003052,0.000652503161361,0,-0.105494561236,0.000245657206713
2.37120008469,0.000651275960324,0,-0.103914742808,0.000283615223694
2.37439990044,0.000650053265798,0,-0.102325827913,0.000129240046275
2.37759995461,0.000648830571271,0,-0.100736913017,-2.51351311435e-05
2.38080000877,0.000647609668809,0,-0.0991443493384,-0.000102275964605
2.38399982452,0.000646394142507,0,-0.0975408393766,5.22847952086e-05
2.38719987869,0.000645178616205,0,-0.0959373294148,0.000206845555022
2.39039993286,0.000643963980648,0,-0.0943319747619,0.000322637770719
2.39359998703,0.000642755580535,0,-0.0927137067902,0.000167040067569
2.3968000412,0.000641547180423,0,-0.0910954388184,1.14423644194e-05
2.40000009537,0.000640338757868,0,-0.0894771405663,-0.000144155337126
2.40319991112,0.000639137442175,0,-0.0878440740547,1.16145962757e-05
2.40639996529,0.000637936126481,0,-0.0862110075432,0.000167384529678
2.40960001945,0.000636734810788,0,-0.0845779410316,0.00032315446308
2.41279983521,0.000635539657639,0,-0.0829317808524,0.000205398361952
2.41599988937,0.000634345384821,0,-0.0812837502189,4.85685686926e-05
2.41919994354,0.000633151112004,0,-0.0796357195854,-0.000108261224567
2.42239999771,0.000631962090372,0,-0.0779764355193,-2.97275240683e-05
2.42560005188,0.000630774819147,0,-0.0763134002857,0.000127261161461
2.42879986763,0.000629587547923,0,-0.0746503650521,0.00028424984699
2.4319999218,0.000628404626988,0,-0.0729778468749,0.000244327921791
2.43519997597,0.000627224316299,0,-0.0712996387761,8.62564025019e-05
2.43840003014,0.000626043983625,0,-0.0696213994183,-7.18180611042e-05
2.44159984589,0.000624867132852,0,-0.0679355845738,-7.17430638308e-05
2.44479990005,0.000623693741899,0,-0.066242163196,8.6474031497e-05
2.44799995422,0.000622520350945,0,-0.0645487418183,0.000244691126825
2.45120000839,0.000621349539688,0,-0.0628495513117,0.000283830149415
2.45440006256,0.000620183027893,0,-0.061140745662,0.000124507196105
2.45759987831,0.000619016516098,0,-0.0594319400124,-3.48157572056e-05
2.46079993248,0.000617851713988,0,-0.0577192782645,-0.000114445274863
2.46399998665,0.000616692041029,0,-0.0559950480065,4.50099677265e-05
2.4671998024,0.000615532368069,0,-0.0542708177485,0.000204465210316
2.47039985657,0.000614373544892,0,-0.0525446378298,0.000323918320903
2.47359991074,0.000613220649191,0,-0.0508047767898,0.00016333116183
2.4767999649,0.000612067774964,0,-0.0490649481567,2.74699387498e-06
2.48000001907,0.000610914900768,0,-0.0473251194508,-0.000157835677967
2.48320007324,0.000609768785422,0,-0.0455696521972,2.8675297591e-06
2.48639988899,0.000608622670076,0,-0.0438141849436,0.000163570737485
2.48959994316,0.00060747655473,0,-0.04205871769,0.00032427394521
2.49279999733,0.000606336318722,0,-0.0402894121388,0.000202738702069
2.49599981308,0.000605196922623,0,-0.0385181296774,4.08834656556e-05
2.49919986725,0.000604057526524,0,-0.036746847216,-0.000120971770757
2.50239992142,0.000602923140283,0,-0.0349636733356,-3.99666608672e-05
2.50559997559,0.000601790424045,0,-0.0331765355258,0.000121994410941
2.50880002975,0.000600657686709,0,-0.031389364428,0.000283958499513
2.51200008392,0.000599529120954,0,-0.0295922047447,0.000242731296172
2.51519989967,0.000598403045408,0,-0.0277890321314,7.95950637638e-05
2.51839995384,0.000597276969862,0,-0.0259858595181,-8.35411686444e-05
2.52160000801,0.000596154195214,0,-0.024174649455,-8.34940667004e-05
2.52479982376,0.000595034721433,0,-0.0223554020167,7.9734849837e-05
2.52799987793,0.000593915247652,0,-0.0205361545785,0.000242963766374
2.5311999321,0.000592798234998,0,-0.018710810739,0.000283322581466
2.53439998627,0.000591685324271,0,-0.0168753061044,0.000118895351195
2.53760004044,0.000590572413544,0,-0.0150398014698,-4.55318790746e-05
2.54079985619,0.000589461133909,0,-0.0132002226971,-0.000127728276221
2.54399991035,0.000588354727157,0,-0.0113483864861,3.67816122379e-05
2.54719996452,0.000587248341013,0,-0.00949658476772,0.000201288436513
2.55040001869,0.000586142765693,0,-0.00764272266039,0.000324514139642
2.55359983444,0.000585042865873,0,-0.00577443852138,0.000158785834768
2.55679988861,0.000583942966052,0,-0.00390615438236,-6.94247010638e-06
2.55999994278,0.000582843066232,0,-0.00203787024334,-0.00017267077498
2.56319999695,0.000581749614714,0,-0.000153063945405,-6.87589693808e-06
2.56640005112,0.000580656163197,0,0.00173174235253,0.000158918981104
2.56959986687,0.000579562711679,0,0.00361654865047,0.000324713859147
2.57279992104,0.000578474869308,0,0.00551597655811,0.000199280372302
2.5759999752,0.000577387828281,0,0.00741749336718,3.22408406226e-05
2.57920002937,0.000576300767007,0,0.00931904559482,-0.000134801802416
2.58239984512,0.000575218505718,0,0.0112331251038,-5.12390913367e-05
2.58559989929,0.000574137837606,0,0.0131513919975,0.00011585407016
2.58879995346,0.000573057169494,0,0.0150696588911,0.000282947231657
2.59200000763,0.000571980461116,0,0.0169985142736,0.000240380574214
2.5952000618,0.000570906128548,0,0.0189337226703,7.20195874899e-05
2.59839987755,0.000569831795981,0,0.0208689310671,-9.63413992339e-05
2.60159993172,0.000568760612603,0,0.0228126298721,-9.63217971999e-05
2.60479998589,0.00056769255855,0,0.0247648555269,7.20830985009e-05
2.60799980164,0.000566624544284,0,0.0267170084568,0.000240481720737
2.6111998558,0.000565558838353,0,0.0286756750886,0.000282097437686
2.61439990997,0.000564497085445,0,0.0306450031308,0.000112407851823
2.61759996414,0.000563435292983,0,0.0326144045377,-5.72880555983e-05
2.62080001831,0.000562375096189,0,0.0345880360162,-0.000142128612368
2.62400007248,0.000561319528615,0,0.0365746523708,2.75953043849e-05
2.62719988823,0.000560264000364,0,0.0385611947194,0.000197312898536
2.6303999424,0.000559209206327,0,0.0405499876259,0.000324442161429
2.63359999657,0.00055815982714,0,0.0425540166393,0.000153404086992
2.63679981232,0.000557110487044,0,0.0445579709981,-1.76276158869e-05
2.63999986649,0.000556061107943,0,0.0465620002553,-0.000188660911441
2.64319992065,0.000555017919729,0,0.0485834056035,-1.76138609138e-05
2.64639997482,0.000553974692654,0,0.0506048862566,0.000153439561742
2.64960002899,0.000552931504441,0,0.0526262916048,0.00032448661227
2.65280008316,0.000551893628851,0,0.0546632181277,0.000195029025032
2.65599989891,0.000550856556447,0,0.0567022753936,2.26447454169e-05
2.65919995308,0.000549819445409,0,0.058741408622,-0.000149745956144
2.66239976883,0.000548786932968,0,0.0607937338658,-6.35521191504e-05
2.665599823,0.000547755902116,0,0.0628505584178,0.000108841380595
2.66879987717,0.000546724871264,0,0.0649073829698,0.000281234880341
2.67199993134,0.000545697656573,0,0.0669753153723,0.000237284487738
2.6751999855,0.000544672670254,0,0.0690500354628,6.35306205088e-05
2.67840003967,0.000543647722119,0,0.0711246782653,-0.000110216773994
2.68160009384,0.000542625740366,0,0.0732083654157,-0.000110220781038
2.68479990959,0.000541606801109,0,0.0753009415863,6.35169815994e-05
2.68799996376,0.000540587823893,0,0.077393595713,0.000237261216604
2.69119977951,0.000539571124722,0,0.0794929746298,0.000280178723388
2.69439983368,0.000538558121372,0,0.0816037703424,0.000105051072912
2.69759988785,0.000537545155759,0,0.0837144874231,-7.00700536606e-05
2.70079994202,0.000536533637101,0,0.0858298280257,-0.000157640585644
2.70399999619,0.000535526572601,0,0.0879588035525,1.74651304695e-05
2.70720005035,0.000534519545616,0,0.0900876997702,0.000192564323498
2.71040010452,0.00053351321919,0,0.0922189743662,0.00032371351076
2.71359992027,0.000532512096011,0,0.0943662606539,0.000147207955271
2.71679997444,0.000531510935536,0,0.0965136269359,-2.93041756956e-05
2.71999979019,0.000530509812356,0,0.0986609132236,-0.000205809731184
2.72319984436,0.000529514521244,0,0.100826708029,-2.93349871971e-05
2.72639989853,0.000528519267262,0,0.102992422325,0.000147136470004
2.7295999527,0.000527523976205,0,0.105158217302,0.000323614501413
2.73280000687,0.000526533827669,0,0.107340243722,0.000190009648414
2.73600006104,0.000525544371612,0,0.109524681784,1.21022594495e-05
2.7392001152,0.000524554915556,0,0.111709119845,-0.000165805129515
2.74239993095,0.000523569846868,0,0.113907486786,-7.68847809716e-05
2.74559998512,0.000522586191608,0,0.116110605564,0.000100976488947
2.74879980087,0.000521602572992,0,0.118313642271,0.000278831133128
2.75199985504,0.000520622521975,0,0.120528572693,0.000233457960586
2.75519990921,0.000519644669928,0,0.122750507309,5.41511350416e-05
2.75839996338,0.000518666781452,0,0.1249725247,-0.000125162370338
2.76160001755,0.000517691795774,0,0.127203926877,-0.000125192196117
2.76480007172,0.000516719640277,0,0.129444880184,5.40633252335e-05
2.76799988747,0.000515747520995,0,0.131685750011,0.000233312168909
2.77119994164,0.00051477750273,0,0.133933887235,0.000277574794916
2.7743999958,0.000513811046597,0,0.136193997922,9.68442331554e-05
2.77759981155,0.000512844626467,0,0.138454024415,-8.38795959809e-05
2.78079986572,0.000511879586882,0,0.140718933887,-0.000174258511905
2.78399991989,0.000510918832495,0,0.142998153998,6.39563416765e-06
2.78719997406,0.000509958042317,0,0.145277459018,0.000187056510269
2.79040002823,0.00050899799196,0,0.147559106343,0.000322362229313
2.7936000824,0.000508042834513,0,0.149857830788,0.000140203589039
2.79679989815,0.000507087712649,0,0.152156469601,-4.19482654113e-05
2.79999995232,0.000506132555229,0,0.154455194136,-0.000224105209607
2.80319976807,0.00050518303287,0,0.156773288231,-4.20345671576e-05
2.80639982224,0.000504233475137,0,0.159091468683,0.00014004285809
2.8095998764,0.000503283917405,0,0.161409649134,0.000322120283337
2.81279993057,0.000502339265971,0,0.163744967086,0.000184231255488
2.81599998474,0.000501395275118,0,0.166082832325,6.33431736305e-07
2.81920003891,0.000500451319431,0,0.168420610474,-0.000182957552579
2.82240009308,0.000499511479257,0,0.170773266423,-9.1228490449e-05
2.82559990883,0.000498573057611,0,0.173130764813,9.22699341296e-05
2.828799963,0.000497634601005,0,0.175488351028,0.000275775194696
2.83199977875,0.000496699617857,0,0.177858319909,0.000228936075513
2.83519983292,0.000495766663048,0,0.180235859634,4.38878798441e-05
2.83839988708,0.000494833742994,0,0.18261331079,-0.000141153422359
2.84159994125,0.00049390352292,0,0.185000845016,-0.000141207867258
2.84479999542,0.000492976037657,0,0.187398374022,4.37366072637e-05
2.84800004959,0.000492048586944,0,0.189795813714,0.000228674192184
2.85120010376,0.000491123140782,0,0.192200927509,0.000274320055534
2.85439991951,0.000490201127343,0,0.194618592079,8.78171632972e-05
2.85759997368,0.000489279079555,0,0.197036346715,-9.86926768553e-05
2.86079978943,0.000488358417447,0,0.199459076267,-0.000191974094206
2.8639998436,0.000487441775261,0,0.201897091866,-5.57893392134e-06
2.86719989777,0.000486525167221,0,0.204335016644,0.00018080928272
2.87039995193,0.000485609196789,0,0.206775594952,0.000320406103154
2.8736000061,0.000484697962455,0,0.20923402016,0.000132430263937
2.87680006027,0.000483786694174,0,0.211692536953,-5.55525780687e-05
2.88000011444,0.000482875425993,0,0.214151054129,-0.000243528419622
2.88319993019,0.000481969533864,0,0.216630014633,-5.5678006022e-05
2.88639998436,0.000481063607988,0,0.219109067488,0.000132179405694
2.88959980011,0.000480157715859,0,0.221588027992,0.000320029819294
2.89279985428,0.000479256437161,0,0.224085263496,0.000177729218041
2.89599990845,0.000478355855914,0,0.226585003466,-1.17310105672e-05
2.89919996262,0.000477455241117,0,0.229084836561,-0.000201198297262
2.90240001678,0.0004765586197,0,0.231600186987,-0.000106568828722
2.90560007095,0.000475663284849,0,0.2341208347,8.27624946687e-05
2.9087998867,0.000474767983351,0,0.236641388514,0.000272086765037
2.91199994087,0.000473875929072,0,0.239175200301,0.000223737293932
2.91519975662,0.000472985876366,0,0.241716816142,3.27811473805e-05
2.91839981079,0.000472095790503,0,0.244258526668,-0.000158182112986
2.92159986496,0.000471208313785,0,0.24681078568,-0.000158252581223
2.92479991913,0.000470323479103,0,0.249373497412,3.2557300986e-05
2.9279999733,0.000469438611457,0,0.251936304615,0.000223374291561
2.93120002747,0.000468555722058,0,0.254507021894,0.000270456811091
2.93440008163,0.000467676042035,0,0.257091178051,7.79859612497e-05
2.93759989738,0.000466796394782,0,0.259675237941,-0.000114477718615
2.94079995155,0.000465918004067,0,0.262264739692,-0.000210751780738
2.9439997673,0.000465043513834,0,0.264870181064,-1.84444356232e-05
2.94719982147,0.000464168991022,0,0.267475719498,0.000173870073644
2.95039987564,0.000463295141556,0,0.270083865268,0.000317897207198
2.95359992981,0.000462425745718,0,0.27271104241,0.000123907064548
2.95679998398,0.00046155634988,0,0.275338219551,-7.00830781024e-05
2.96000003815,0.000460686986429,0,0.277965298825,-0.000264065994179
2.96320009232,0.000459822687487,0,0.28061414733,-7.02438238766e-05
2.96639990807,0.000458958420765,0,0.283262897261,0.000123572931912
2.96959996223,0.000458094121846,0,0.285911745867,0.000317396908084
2.97279977798,0.000457234288647,0,0.288579685826,0.000170546809214
2.97599983215,0.000456375056762,0,0.29125046655,-2.49744177904e-05
2.97919988632,0.000455515856886,0,0.293921147782,-0.000220488361184
2.98239994049,0.000454660402947,0,0.296608401486,-0.000122863646598
2.98559999466,0.000453806240215,0,0.29930104618,7.24745650401e-05
2.98880004883,0.000452952045661,0,0.301993791184,0.000267820053742
2.992000103,0.000452100981007,0,0.304700429573,0.000217907436432
2.99519991875,0.000451251825884,0,0.307415302668,2.08505856896e-05
2.99839997292,0.000450402639126,0,0.310130276901,-0.000176213606142
3.00159978867,0.000449555973142,0,0.312856280018,-0.000176305208905
3.00479984283,0.000448711764824,0,0.315593515022,2.05739360966e-05
3.007999897,0.000447867587955,0,0.318330648058,0.000217445746903
3.01119995117,0.000447025235604,0,0.321076331829,0.000266013270199
3.01440000534,0.000446186007801,0,0.323835994108,6.74015424475e-05
3.01760005951,0.000445346748734,0,0.326595759195,-0.000131217584317
3.02079987526,0.000444508750882,0,0.329361061221,-0.000230577051427
3.02399992943,0.000443674412051,0,0.332143387292,-3.21520074813e-05
3.0271999836,0.000442840073221,0,0.334925713363,0.000166273036464
3.03039979935,0.000442006376864,0,0.33771078998,0.000314866845064
3.03359985352,0.000441176929423,0,0.340515950766,0.000114680722901
3.03679990768,0.000440347512881,0,0.343321007054,-8.54979418743e-05
3.03999996185,0.000439518065486,0,0.346126168053,-0.000285680337232
3.04320001602,0.000438693511477,0,0.348954088475,-8.57045019263e-05
3.04640007019,0.000437868926751,0,0.351782114247,0.000114278783212
3.04959988594,0.000437044372742,0,0.354610034669,0.000314254618518
3.05279994011,0.000436224017886,0,0.357458310403,0.000162712829419
3.05599975586,0.000435404297901,0,0.360309373099,-3.9044923481e-05
3.05919981003,0.00043458454738,0,0.363160542007,-0.000240810192596
3.0623998642,0.000433768401273,0,0.366029090665,-0.000140084624643
3.06559991837,0.000432953486975,0,0.368903325389,6.14618359188e-05
3.06879997253,0.000432138542318,0,0.371777667189,0.000263015804824
3.0720000267,0.000431326613989,0,0.374666561022,0.000211500428899
3.07520008087,0.000430516447021,0,0.377564358073,8.14376944967e-06
3.07839989662,0.000429706310233,0,0.380462047176,-0.000195205314502
3.08159995079,0.000428898518094,0,0.383371586684,-0.00019531599248
3.08479976654,0.000428093130809,0,0.386292759934,7.81363654425e-06
3.08799982071,0.000427287713521,0,0.389214042008,0.000210950832891
3.09119987488,0.000426484096811,0,0.392144128653,0.000261053607771
3.09439992905,0.000425683401355,0,0.395089181295,5.60932220211e-05
3.09759998322,0.0004248827059,0,0.398034233937,-0.000148867163728
3.10080003738,0.000424083213772,0,0.400985127297,-0.000251399889047
3.10400009155,0.000423287212469,0,0.403953982428,-4.66668197704e-05
3.1071999073,0.000422491240818,0,0.406922726963,0.000158058622734
3.11039996147,0.000421695822879,0,0.409894593157,0.000311374878357
3.11359977722,0.000420904517685,0,0.41288742384,0.000104806032463
3.11679983139,0.000420113183013,0,0.415880366017,-0.000101770508877
3.11999988556,0.000419321877819,0,0.4188731967,-0.000308339354771
3.12319993973,0.000418535182355,0,0.421890267969,-0.000102003432785
3.1263999939,0.000417748516262,0,0.424907227181,0.000104330570807
3.12960004807,0.000416961820862,0,0.427924298786,0.000310672261097
3.13280010223,0.000416179161035,0,0.43096271756,0.000154284680711
3.13599991798,0.000415397106844,0,0.43400407258,-5.39127835029e-05
3.13919997215,0.000414615023518,0,0.437045540901,-0.000262118003834
3.1423997879,0.000413836408013,0,0.440105256647,-0.000158197416835
3.14559984207,0.000413058909724,0,0.443171206583,4.9765745897e-05
3.14879989624,0.000412281440397,0,0.446237042305,0.000257721161529
3.15199995041,0.000411506790936,0,0.449318410126,0.000204554976398
3.15520000458,0.000410733879595,0,0.452408913706,-5.28372395385e-06
3.15840005875,0.00040996093946,0,0.455499532419,-0.000215130241565
3.1615998745,0.000409190293719,0,0.458602495164,-0.000215257630106
3.16479992867,0.000408421885017,0,0.461718033481,-5.66003938078e-06
3.16799998283,0.000407653476315,0,0.464833571798,0.000203937551344
3.17119979858,0.000406886785518,0,0.467958288036,0.000255619706063
3.17439985275,0.000406122881682,0,0.471098610958,4.41191772095e-05
3.17759990692,0.000405359006304,0,0.474238816896,-0.000167373472769
3.18079996109,0.000404596222108,0,0.47738555902,-0.000273185138959
3.18400001526,0.000403836825019,0,0.480551440211,-6.19479291622e-05
3.18720006943,0.00040307739964,0,0.483717439343,0.000149297149993
3.19039988518,0.000402331914661,0,0.486878040173,0.00171269769414
3.19359993935,0.000401683800159,0,0.490001791111,0.0127426096404
3.1967997551,0.000401035709801,0,0.493125425682,0.0237721106973
3.19999980927,0.000400387595299,0,0.496249176619,0.0348020226435
